ID;AJ0C;0A;6M0HI
1Z;465.09;772.13;203.07
GE00;852.42;449.57;342.54
HI3;50.12;270.88;507.37
PB;827.51;444.35;553.27
M38K;686.46;463.74;240.43
WGGS;208.24;900.0;488.18
IJ5M;176.55;597.28;690.51
XQ;62.39;65.67;718.55
6DX;962.48;578.86;680.66
JMIL;908.48;577.81;103.14
5J3;834.41;826.91;991.32
XBVH;685.63;465.55;794.73
1AU7;14.93;581.33;602.05
OA;616.73;467.98;440.06
SOFXU;85.76;654.32;701.55
9RE1;768.22;834.83;971.32
UG;15.87;165.57;937.0
MP0QX;893.26;105.96;321.27
6QQQ;285.21;537.65;603.14
N587;585.94;644.55;259.58
RN87;970.05;933.89;898.14
8J;509.91;752.2;378.13
6453;213.35;770.99;914.45
ICIO4;839.09;377.69;661.96
6HKOC;213.0;925.0;786.52
GU;422.45;598.71;938.21
31DT0;539.69;665.09;269.94
RX6E;640.42;628.65;730.57
PGTKR;485.39;711.6;841.06
S2;694.09;367.89;977.68
6X5;331.31;565.26;800.56
XOT;680.7;680.73;961.38
JX;572.87;51.9;151.38
X3JD2;114.26;653.84;883.28
DLV;453.71;991.57;556.17
7FV;297.64;507.22;88.75
OJP;196.59;276.13;771.6
AZS;707.87;31.75;102.13
XE;34.76;107.09;514.28
3R5;890.39;722.35;111.28
92;731.19;624.0;629.47
CTG2F;711.93;90.67;635.93
YZ;583.01;587.28;776.82
HDYRW;997.0;7.83;664.3
VY4;260.84;502.68;853.58
BH338;683.36;147.24;649.9
MHZ;204.7;989.71;328.39
HA;915.57;910.17;922.47
JRV;480.43;2.89;937.13
0H;365.29;955.62;12.68
OCRSV;923.56;896.03;697.63
MGX4F;608.85;610.32;574.42
WM;238.66;504.56;33.26
O4;682.84;126.16;92.7
Q0C;743.35;569.14;122.77
MDIDY;616.93;588.63;428.93
553;304.39;92.24;878.3
JX5UB;899.77;362.29;879.54
V8HR;183.84;30.66;63.62
2M4;407.85;602.7;824.54
L5QUR;869.27;234.22;840.37
DYZTH;591.6;338.34;493.05
AZO0B;856.3;28.98;150.53
XNN;286.35;200.86;16.47
FEPV;777.38;231.83;314.69
AX6;868.39;279.65;796.87
YF;669.84;954.47;769.01
5N;44.77;97.93;278.63
HAKO;491.39;513.46;642.42
4Y6;495.92;136.95;477.17
QV;481.3;608.55;130.27
D1Z;294.08;305.17;67.67
GL3G;606.78;719.85;194.89
ZRKY;252.23;516.32;673.68
7IB;647.59;983.31;302.01
XW0;918.99;700.54;193.46
G4M;156.98;523.77;405.89
1L2;350.65;477.25;991.36
TF;63.47;327.36;533.54
JV;154.49;63.81;243.26
4QFT;977.39;574.18;961.13
2JC3W;882.55;417.41;629.04
QNLX;663.62;834.37;761.62
WFSQ2;602.69;971.51;579.91
KF7;680.24;794.31;409.57
AA;879.83;730.89;903.12
ISK;900.68;346.35;465.82
J28;588.81;373.32;937.05
WMXQ;115.12;542.43;759.78
WKBD;267.42;34.97;20.93
09;154.82;15.44;933.11
9789Z;452.79;462.21;302.02
OI;339.77;204.53;658.48
DOY;273.91;221.72;723.57
5H1QH;462.55;147.85;935.93
URN;931.97;168.71;811.62
X8;547.71;225.43;405.82
JD;352.9;655.75;21.33
UPX;693.42;322.91;428.79
0HB;478.41;459.5;489.67
AO;984.35;867.14;226.32
HSO;954.84;335.56;935.21
4C;492.8;243.54;61.09
5M6C;604.22;200.19;630.16
XB;456.66;221.13;870.59
D47F;34.3;735.43;191.43
SAB6;518.64;882.97;782.05
3233A;353.48;403.62;482.91
XDWU;181.62;527.3;855.29
6DL2E;348.83;5.41;549.45
IX;565.7;859.7;263.19
9W;846.52;815.77;21.32
I6WXJ;486.21;204.5;335.4
Q7Z;107.32;587.48;495.06
MVXV5;793.04;908.77;494.4
GFTQ1;496.6;470.77;169.67
4M6H;120.68;829.51;38.36
ILBV3;872.53;910.26;186.97
SL6;133.92;540.94;200.71
MB6XP;49.61;549.6;992.8
Y2WQG;882.0;840.75;282.02
LI;912.01;325.49;799.18
SKK;53.44;256.33;552.35
U9O;967.84;537.71;224.2
VBJC;160.51;138.43;354.33
WRS;835.67;646.95;432.83
2F7;2.45;563.11;337.86
GA0;844.67;844.51;145.13
Q6;294.83;244.51;860.2
F5;693.92;235.25;787.35
30G9J;146.37;111.36;86.31
BFHL;791.57;153.41;651.92
3Z;908.53;83.19;226.0
YH63H;214.69;110.87;186.14
DZN5K;311.04;40.47;848.96
54;697.14;177.7;464.71
1XJ3;989.29;467.7;891.4
638WH;804.12;303.39;708.86
JZ3;374.5;953.77;539.19
YE9;379.46;180.26;484.59
AI;390.98;760.59;752.66
A64R5;779.71;686.69;839.57
KEWD;834.33;344.97;504.08
1AFG8;93.26;674.18;625.94
8X7H;198.8;820.02;452.24
4LPIG;742.89;482.08;363.92
BCTWX;339.39;77.79;1.15
9B;534.51;309.5;555.82
F8HEH;219.02;233.93;136.27
3S;107.86;102.49;42.02
FFS08;504.07;65.61;377.04
QE2H;509.29;999.01;747.57
4KS;246.48;260.89;497.87
9FUBB;657.09;156.17;151.04
S7E9;379.26;7.75;809.77
2T;381.17;153.04;580.1
Q7;221.32;640.51;268.02
PJB1L;139.46;859.36;39.9
6S;529.43;783.55;477.16
NIABW;431.16;260.12;561.8
F318T;214.24;702.89;872.79
0U;1.1;950.4;270.52
YHKA;304.16;152.63;449.57
UQX;164.38;612.21;942.16
WHUUK;644.53;145.5;495.92
IYL;564.93;561.99;929.97
Q9TQG;306.68;731.66;353.64
3N6;980.16;164.23;481.83
RZZ;373.12;390.8;895.58
TSKN;301.84;374.79;544.72
G58;757.62;878.33;702.21
VJ;91.52;92.57;126.71
ECLH;205.44;866.26;485.78
MU;90.68;822.91;657.9
OGZFG;469.49;572.75;849.48
RS8;686.28;3.55;430.61
SC;162.01;334.72;945.47
F0EUV;271.95;405.27;421.86
LHN;682.45;698.8;421.09
TNPO;814.48;672.19;921.81
XVPP;376.9;902.03;881.75
0ZO;356.33;476.82;429.39
07HJ;775.14;328.98;393.83
NU;765.97;268.91;562.86
CW;854.66;553.89;494.92
3U59;317.62;377.44;127.96
TU30A;849.66;861.34;402.03
SF;54.44;362.21;775.3
S5MWT;496.93;735.8;12.44
1VH;186.34;299.71;992.35
A5M5H;414.99;80.82;492.21
KNN;810.2;101.42;115.2
PQNN;685.84;217.25;173.51
P9QZ;951.86;325.16;120.62
2O2I;651.21;75.95;875.15
RF0;741.32;485.94;571.76
7KPW;981.24;160.19;687.39
NW1G1;388.37;835.01;873.18
DN;819.47;99.31;722.9
ZE29K;637.5;696.88;105.0
T0;301.96;522.19;446.37
91PN8;690.09;423.33;211.67
XGAS;905.39;610.72;890.86
0AH6;442.09;383.73;47.08
LAIBQ;968.46;554.06;135.78
J9HQ;752.13;477.06;413.55
2ZMZ;879.88;411.71;9.44
G5;891.16;282.73;334.9
XATL2;130.91;298.66;769.59
FXCDI;974.8;965.94;888.33
C5F;289.28;786.49;401.03
XJOV6;997.13;869.32;38.76
ANITH;620.99;267.51;666.46
YNZE;841.38;305.37;616.38
DA1;51.89;986.12;64.82
2J;488.04;251.21;201.7
SWSB;884.8;332.47;178.39
7NM;158.25;329.73;125.0
V2;618.81;490.89;983.16
36;301.44;134.94;350.86
9US1A;660.9;364.9;281.35
3P;987.26;728.26;966.82
B9;633.68;571.12;844.1
HX3;326.74;580.99;672.33
EO;680.2;155.75;789.9
K8;506.5;478.19;61.93
SP;922.41;328.19;76.24
F67;814.14;864.77;721.73
F11F;255.94;451.65;453.01
XRRO;686.59;215.32;450.39
OQGG;308.51;389.31;970.93
83F2;368.61;628.75;936.9
Y65UM;330.59;513.9;695.89
S6W5;357.79;679.48;248.8
K3;447.38;829.33;561.37
PV3S7;200.41;919.31;109.76
U1YR8;398.26;244.74;916.46
YLT;98.74;613.43;477.15
31XHE;608.06;462.17;886.95
WCFO;17.97;537.33;889.27
5MJNA;122.47;377.11;19.24
YF4HK;739.9;822.11;318.44
ZOJ;240.6;230.01;721.47
1YI2;518.14;858.02;502.45
81D3;202.44;348.48;96.24
GQE;476.8;449.87;476.33
1S;821.29;229.03;372.78
OK;572.09;754.98;907.13
9D1;415.8;367.8;391.73
2I;922.16;967.48;948.94
YRKW9;280.72;792.65;689.23
3R8;784.03;213.08;845.45
PPX;482.85;898.26;597.69
XFOA;919.63;32.3;858.71
LH9;410.18;646.21;756.53
P4B1F;826.23;871.55;538.59
PG3R;828.63;925.94;539.6
14;902.58;56.68;290.71
QDY;581.8;888.13;925.54
SMGW7;26.2;39.21;76.61
9W2;492.15;213.2;805.69
2CWK;794.65;981.75;484.91
97I6E;33.73;884.18;160.11
OATK4;895.89;971.23;352.02
8L7;602.27;677.86;289.42
LXBEQ;464.39;723.07;405.7
0F8Y;994.33;383.34;131.47
GTGY;912.36;569.58;287.44
FN;958.57;895.11;306.31
X8JC;128.49;904.76;655.75
JF;131.04;672.04;750.87
KR0JL;940.12;110.63;308.89
LEN;621.77;613.23;718.91
QZ;673.63;258.89;856.39
7Q9K;782.71;857.95;161.29
X92KI;628.6;722.68;969.35
J6GU;325.28;822.84;799.37
Z2;928.27;22.0;830.93
LKGI;412.36;952.48;406.48
GS;597.53;240.39;686.06
HSR0;768.25;194.01;397.94
LZW5C;136.42;547.75;971.5
HG;823.73;249.8;506.12
82SJ;806.29;633.9;376.09
3PAT;217.1;77.24;641.71
RSP;593.62;725.57;202.51
82;782.6;68.75;1.36
HQD;478.42;296.14;625.1
1JSQ3;639.98;961.85;121.45
BYF0;716.96;288.73;9.7
18;370.2;930.77;644.33
BEU02;335.89;931.59;351.61
TOZE;984.64;554.72;763.88
OM;507.92;511.32;210.19
V5;78.4;295.63;504.38
UD4;142.86;43.81;474.47
EZXX;324.61;558.4;615.72
8M85;337.9;339.84;505.14
1XJ02;469.24;34.96;788.35
T3UYA;266.23;370.2;847.39
7W;631.31;753.71;72.07
1CJQH;537.24;930.02;627.64
3LM7;279.82;108.4;592.44
H5Z;387.4;520.89;947.57
KXNRA;757.61;413.63;653.5
YD;47.99;910.81;305.3
TO8DQ;40.58;133.5;60.14
31G;555.28;887.12;525.37
FRQCY;628.65;547.18;306.27
S1;749.9;278.8;346.52
3M1;599.22;250.36;242.49
I3;400.12;406.7;341.18
LCXMK;916.5;116.46;900.43
YIF0;294.72;77.0;320.66
Z7;483.3;552.61;812.92
NVPUR;486.36;56.32;914.36
A8AE;665.55;274.13;500.86
KV;437.48;145.0;442.31
499F2;843.29;631.68;508.7
G8KKV;406.8;383.21;288.72
P24VP;97.32;228.0;518.93
SO98M;412.15;876.87;886.26
LHBE;57.91;404.88;667.96
74DEV;541.12;514.38;237.69
AL;556.78;876.25;98.16
CUPY6;521.31;973.78;450.07
2AQCQ;393.11;203.09;992.16
P167;140.64;668.84;693.73
A0M;824.55;861.99;125.44
K1N8V;959.5;792.65;317.76
UAT;338.14;972.86;415.14
HR;451.0;849.15;855.52
DPMK;269.98;730.47;313.17
1ZK;383.76;589.47;707.24
0JWOF;699.33;473.2;295.79
FPL;109.32;994.07;299.2
OVCRS;126.93;31.83;505.76
KE0CM;784.7;471.25;621.51
ZC5U;476.81;785.69;609.31
T6G3W;423.15;114.83;631.05
40P7J;890.94;902.95;986.91
9KJ;511.51;916.59;763.29
VA;405.94;26.83;120.82
95;35.61;979.69;379.8
NVB8;641.46;240.43;598.33
PX;17.6;767.82;369.45
SGA;427.99;995.22;566.15
43;492.34;79.93;552.6
PXH;716.35;863.85;982.61
80PIL;477.35;235.42;587.28
8L5EO;45.52;692.81;420.03
YUMG;858.54;938.93;801.88
MDS;287.69;208.08;829.58
4Q4Q;811.63;307.39;108.13
VGZC7;205.62;785.38;610.35
SL;527.48;603.29;504.52
MILZU;132.91;412.78;450.15
Z1HKA;467.27;59.25;722.89
DDU5;509.49;524.85;907.43
ITDU;176.08;41.34;921.99
0ODRQ;110.07;374.01;762.32
U89K;988.11;504.95;925.06
ZM;841.9;495.24;191.88
PMOQE;243.66;413.55;570.22
YW;898.91;688.85;405.17
TV;396.02;337.42;541.35
1STP;473.18;472.86;326.07
93;556.76;40.62;912.83
LCCE;83.58;845.83;785.5
GZGWK;957.24;891.86;213.18
SJ;948.09;455.89;691.27
1M8;427.27;785.37;689.82
JN;721.35;108.72;903.55
42WH;589.76;254.73;102.67
POX;823.59;639.73;515.3
VF;692.31;4.14;998.01
4E;782.62;468.73;3.72
HVK9C;823.21;346.43;366.48
LU9P;281.03;767.53;950.69
1YQT;755.55;856.78;893.41
PJB4;513.53;356.6;774.38
TP1T;222.42;939.29;76.92
K44;109.94;926.11;461.12
0YBB;447.31;50.7;616.67
32AP;17.49;879.28;826.77
HN;624.05;980.4;137.09
IWJ;1.91;611.3;899.7
U07;384.46;459.0;16.9
7UWXX;232.21;192.39;409.5
0K;981.55;97.48;271.54
W2THM;58.61;281.46;219.3
ELJXZ;164.94;350.53;266.34
9B8Y7;774.47;877.6;442.34
UF9;132.89;381.84;294.89
ON;999.52;667.81;700.43
XCF;345.98;464.18;919.25
IL;786.9;529.57;128.61
VM;590.34;559.01;384.05
MQU;578.02;633.28;160.85
UZP;528.68;306.85;786.1
5M419;108.34;192.78;784.02
G6WWG;910.85;288.82;237.14
P4S;49.82;418.39;357.01
QA;634.64;746.01;581.46
CQM67;521.68;680.64;872.67
2H36S;499.11;299.75;666.85
75;844.11;765.09;936.05
KM;766.69;932.93;390.31
SR;459.57;352.03;321.74
ZMA8;899.46;256.21;195.02
E97D;637.5;678.6;237.31
0U8;628.77;559.74;737.33
9TY;288.92;531.11;934.53
4J;816.23;95.59;931.45
7K;134.81;158.44;995.2
FI;893.92;113.17;967.71
AI3BJ;931.64;62.4;674.19
MQ0Z;237.02;898.69;432.07
Z2MBZ;681.48;191.83;500.48
H2P;686.03;607.76;255.76
L2;526.93;638.25;93.95
VMJ;137.14;322.5;994.98
GVV;507.71;828.26;33.48
YB46Y;897.34;716.0;178.66
KN;774.35;955.86;452.18
NB2W;821.81;672.12;973.65
IJ;708.94;824.97;679.57
6RP66;824.29;159.75;922.85
ZZT;599.42;492.06;767.07
FYW4;914.78;73.87;451.13
L9C;818.39;250.95;410.26
E0;857.75;613.7;987.34
BSJ;320.2;882.76;565.96
AV5;755.55;460.46;996.11
ON9;971.13;811.22;533.86
UC9;110.1;66.64;499.41
1HHXF;933.14;406.55;89.39
TD;645.39;849.03;3.24
8EM;236.39;582.6;709.63
B3;229.88;703.63;881.93
1XD4N;116.63;413.45;606.4
1AOD;564.81;979.72;320.63
GQI2K;851.28;11.14;810.97
CS;429.83;996.26;412.26
KZF7;617.41;375.97;236.48
KCNU;22.18;260.02;122.44
NQT9X;967.13;344.18;207.3
CJ;936.56;286.87;335.02
PJIPC;341.82;165.9;138.69
M4K;257.81;374.46;234.04
809;22.25;123.0;215.4
07;252.45;774.21;520.2
I6I;68.89;349.09;48.86
F76;930.97;371.03;478.19
LE;871.64;653.52;745.44
DHO;170.4;925.71;759.32
ZEZCR;878.25;959.45;652.75
K26V;170.21;587.37;452.84
T3Q;349.26;385.46;22.96
2L4PK;614.51;118.63;900.28
EGM;97.46;549.72;74.9
GT4MA;788.66;24.05;18.63
7XL0;508.34;183.9;754.5
FGK;748.36;503.09;669.19
KALS;858.92;686.91;49.48
5DAVO;84.25;152.82;324.02
898E;67.53;254.7;783.55
P83PQ;258.46;766.25;181.98
UYN;341.85;905.6;334.54
9J;574.97;878.12;964.95
OP;725.36;473.43;319.8
TWHB;743.63;709.44;360.48
SDST4;112.09;280.03;205.78
X44;671.92;903.05;941.65
PJJBU;812.36;44.04;971.4
KFOR;119.97;819.86;845.9
G4KH;536.56;116.55;155.75
H1TD;184.36;648.98;332.12
TQ;834.74;815.36;211.52
ZO;58.65;801.07;809.69
S7;354.42;666.32;668.84
R7;562.11;790.3;845.15
6KKU;201.49;198.54;497.51
6B;675.15;367.34;952.72
M43AQ;233.0;325.81;184.18
OUWPV;974.02;474.18;92.15
JAHT8;458.6;917.24;463.29
AIFB;644.95;223.48;722.53
WT;458.9;948.26;840.34
JC6G;787.82;810.98;16.22
E1NQA;810.32;357.87;454.41
70F0;170.71;15.98;666.7
NWWS;553.5;572.61;346.26
HVN;425.4;828.86;373.48
NW7;379.01;324.69;949.69
02IF5;944.74;619.71;878.92
QY5;981.54;340.8;63.31
C15HQ;2.72;848.59;57.88
9NHD6;56.5;48.34;744.05
80GGI;503.36;480.27;861.19
DGO;634.08;528.39;669.85
00;806.26;405.31;705.45
9M8ZK;992.91;94.45;982.55
QQKE;940.12;388.52;191.36
RJ;346.45;880.88;78.56
CE;9.66;470.38;342.03
1CPU;198.2;773.9;870.22
CZI6U;308.57;450.01;587.65
EVYK;85.39;271.93;981.01
2V;125.37;72.73;654.37
YWM2;644.92;675.04;27.7
D0384;467.89;21.93;358.1
8T;143.2;404.6;818.06
VYOHX;379.64;88.61;847.38
32JZY;523.94;730.01;391.63
IT3EI;638.1;455.06;585.44
CH;103.53;386.52;103.62
2N;319.73;385.34;698.33
HM;170.83;368.03;728.97
P6J1C;350.72;369.1;675.35
3CD;212.92;780.39;866.34
8W;308.26;638.81;343.63
67C5D;742.28;985.34;444.93
RY280;122.58;850.19;751.09
T6H;847.35;126.36;671.15
FB;734.76;635.97;244.44
10;102.39;275.91;617.59
0Q;666.54;240.95;899.44
PC;54.94;951.35;102.07
SDX;459.36;949.08;460.69
E8T;600.78;504.16;436.61
U087;27.89;511.92;726.71
NG8B;494.66;171.78;361.83
YE3S;70.78;395.27;29.51
DX8JI;8.7;474.66;250.78
HQ3;544.85;136.48;779.43
AM4;353.09;317.58;209.5
E333T;469.78;456.17;804.38
UJK2;158.95;716.09;817.18
CB;749.86;337.96;254.76
4I;899.2;996.84;802.42
J2EE;779.54;262.75;692.22
GYQ;804.65;12.99;914.4
HFK;456.91;431.48;747.24
MWGD;749.29;900.19;434.26
ZN;318.19;159.68;132.57
U7U;63.66;731.52;174.37
VYKQ;169.36;458.02;226.55
PDU9U;821.03;765.38;460.07
QR;248.65;801.42;928.45
6FDR4;625.06;64.89;643.64
R47OH;827.7;472.3;491.26
4O;426.07;984.9;385.62
1HDRU;860.39;426.49;889.15
XEH;497.07;899.39;881.47
G85A;470.26;105.63;61.98
FCY3;285.78;701.47;44.65
85;487.37;114.19;964.79
F4D;426.04;31.27;755.28
5O5;334.67;759.24;281.29
K5;925.8;991.05;973.41
T1S;552.37;210.79;104.95
PFZ;379.88;57.56;474.41
ER9N9;412.76;469.28;735.94
VHK;445.0;184.89;359.7
7V7IQ;991.36;962.25;459.52
0Q5;2.85;758.08;656.31
AX2UQ;556.95;226.55;401.55
F5H;911.99;714.71;701.37
A4;124.83;332.29;185.53
4G7;667.8;302.7;690.54
J23HH;26.34;594.87;283.29
T7BF;698.85;520.41;710.06
Q5;779.84;282.68;975.2
39;638.3;684.36;757.78
XC;202.47;435.68;90.62
2IC;889.27;559.61;803.05
ST;944.04;318.23;154.67
YIE;839.24;594.26;946.42
17;641.18;44.47;472.86
3NDX;772.08;349.57;966.21
7ML;697.25;667.01;249.9
TDMIX;885.54;609.13;625.44
W7M0S;613.89;576.25;212.26
O8IWU;84.14;31.39;779.41
UXRT;774.87;555.42;775.47
Z5SQ;25.17;491.17;891.92
YMS;467.1;960.67;973.74
OXKL;280.31;796.07;955.91
E2C4B;555.47;661.84;319.61
1IC;102.3;228.62;675.78
0S799;839.23;580.98;833.87
HFVV;689.95;892.82;568.64
JZ;153.79;32.07;148.76
6Q;826.75;923.02;630.26
T6;156.24;744.32;57.63
7DL4;129.73;77.25;404.08
9V64;143.0;77.48;793.02
C1;397.51;99.31;569.99
0MNC;739.92;387.13;507.92
U0D2;504.38;43.28;688.19
C53D;245.48;601.37;564.95
R7YV;410.27;51.05;331.04
FD;878.16;447.42;778.2
DYZDG;247.8;796.29;283.31
ISPYC;583.09;704.34;543.05
B9JK;152.45;993.46;345.09
LTQ1R;419.2;597.7;206.23
XT84;339.39;346.25;324.49
Y19;688.23;542.62;888.3
05X;360.6;697.61;764.05
E2R;556.14;2.46;382.16
5CC93;148.03;245.71;434.34
9P;360.37;12.99;527.76
7H1;574.77;524.48;914.33
V82W;925.95;280.35;372.7
AUIFH;316.64;136.5;304.95
6G;899.08;264.84;60.65
59X;60.47;235.85;620.56
B4H;0.69;130.94;697.1
URJMU;805.65;535.14;953.99
29BX;361.99;629.26;982.72
YKXSO;522.26;221.92;837.76
YS;59.64;688.61;406.9
1JFT;617.04;713.97;683.33
KSH;579.88;666.04;988.87
BDAF;980.78;308.27;905.67
DOJ;414.3;473.03;419.03
KX;727.91;529.76;729.17
ARPNY;972.24;876.6;187.96
SGS;766.4;255.42;164.05
K6P08;92.93;784.9;12.57
UNZMY;154.86;818.34;646.23
GHOUR;998.0;537.27;447.64
30ZL7;473.57;566.66;12.86
SY;969.45;938.08;42.62
AB;446.65;765.56;435.98
IYP;250.71;233.68;288.89
45;151.28;541.87;13.2
4CD;552.63;492.52;101.73
WQ;35.04;842.57;416.52
CGA0;226.12;218.39;667.95
DX1;328.78;470.89;768.44
4B;617.46;355.75;838.42
LD;802.33;589.49;259.27
IM;226.56;962.64;127.1
Z760Z;852.6;711.54;296.34
FU5Q;720.17;576.32;636.95
U6N;784.27;130.27;720.02
EZFVS;360.12;502.45;132.12
RG;512.59;460.21;122.93
QH;562.7;304.84;391.49
823X;410.09;20.32;204.03
KC;542.53;210.24;365.34
UPC7B;6.74;546.05;721.5
UXVLQ;452.73;935.46;891.37
WEY2;862.1;777.12;929.35
A87U;744.65;279.43;737.98
PMHOH;707.46;209.27;152.62
SK5Z;483.67;398.91;532.24
DET3V;27.2;167.02;888.67
3G4FF;818.65;517.57;836.98
CNJD;283.55;639.51;426.8
3WP;506.79;812.26;528.62
TCM7;138.35;288.96;467.36
2S9;816.49;501.83;353.36
HC;590.57;552.48;841.76
MF3PQ;747.47;465.07;745.9
PKJ;172.49;341.5;257.93
9R1O3;409.65;953.21;869.89
U1RL9;7.69;418.37;318.1
80;42.71;131.99;349.13
UUI5M;117.92;659.74;876.95
GR1;58.04;281.02;773.62
3N8I;619.12;626.9;352.52
QHL6;990.36;119.82;777.21
V2Z;823.58;638.68;657.68
7CY3N;697.52;376.52;250.7
RPZM;374.89;911.76;926.98
Z53;571.62;765.82;912.64
0T;526.47;914.14;891.49
H2C;187.43;434.29;482.79
YW6;404.83;623.46;571.6
0OO;446.86;233.95;316.43
AA1C;237.99;759.13;978.64
FO3YW;560.68;870.19;460.5
DXRA;117.41;850.09;788.57
5E;864.62;358.33;404.28
NMBG;543.82;440.85;317.46
KM1B;2.34;631.46;66.56
41;62.86;560.29;780.95
2KNT;562.22;878.05;173.83
42NJ;28.73;236.97;33.64
YK;715.09;697.35;253.11
1865Y;487.83;993.14;646.77
JSEA;551.83;279.42;133.78
I7N;643.41;71.12;907.21
RY;607.06;851.09;725.63
NAMT;686.87;580.35;142.47
HZKF;178.87;393.51;312.74
YI;574.97;731.32;591.17
WAH;26.05;953.77;117.41
ESYQZ;594.29;53.45;589.57
9C;274.1;171.3;422.14
LK8;27.66;159.38;994.48
M5;808.59;304.02;128.98
DSED;40.46;552.74;299.06
VTI;531.7;699.31;529.8
G6WEX;145.7;511.15;351.86
XEII4;924.96;865.88;354.46
7E2;18.68;427.84;752.34
RHP;609.94;141.53;981.18
AHF;410.84;326.16;784.53
H879;689.23;840.29;314.52
71YWY;397.7;107.42;238.21
YL720;585.11;211.8;339.82
BW0;441.33;819.53;285.22
4VH;789.51;587.09;30.72
M7;857.65;143.55;437.42
5M;989.76;529.63;420.85
CEQD6;938.71;551.2;808.57
YU34;765.99;634.21;585.35
YD9;801.62;854.34;553.55
Y1;29.57;518.03;83.43
WPG2;819.21;487.86;744.61
XH5A;37.08;131.81;524.84
K34PC;912.51;626.13;908.77
B7UF3;677.3;200.9;361.97
PRD;732.96;800.69;699.8
W1V4L;228.9;648.59;22.38
2JDRG;456.16;180.67;136.44
DYK;678.49;33.16;411.15
VI1Z;494.91;596.99;380.69
U2;579.6;198.65;753.27
W2;84.42;1.01;409.21
VSNH;147.5;801.58;298.69
O19H;764.46;595.61;710.77
RY3;469.41;392.01;497.44
YUBU;831.21;608.2;102.65
5U24;645.12;133.22;849.1
EW;521.58;790.78;990.44
5R;254.15;819.36;604.88
25;698.17;68.27;533.15
7C3;792.99;167.73;304.28
QDX;596.98;233.39;689.51
F9;896.19;992.64;820.61
3G2US;121.55;59.83;153.22
5J;478.96;992.12;447.32
IG2NL;330.15;418.1;757.93
DC;630.86;220.05;73.55
8NV;250.44;74.3;245.07
HK5QV;224.09;826.88;777.24
NSMS;831.17;197.69;747.03
ZF8H;649.4;804.47;694.68
5ZUN;419.98;62.54;66.25
65LAE;829.44;29.8;822.84
UL1;424.87;102.19;145.17
A99O;345.86;11.85;37.8
VQ7;914.42;519.74;397.55
TOX;773.42;385.27;712.52
2U7LF;481.26;16.47;977.34
QG;319.84;182.34;238.02
8SGXW;942.28;473.72;8.24
6VVZB;561.67;756.07;809.71
01UE;227.67;287.05;495.2
KN4I;833.15;490.89;193.28
63R;903.97;979.11;484.27
Y5DBI;794.31;275.11;310.01
EOLD;417.51;64.63;423.58
CUF;626.88;184.42;864.3
IFJ;899.94;649.84;50.02
LMD;612.67;532.06;107.08
55O0;950.86;125.78;558.74
1W;206.43;646.8;66.25
DNJK;562.9;617.47;950.92
SKM8;101.83;994.57;930.17
ZC;870.55;420.67;937.27
QYN;950.36;812.26;658.58
WB15;636.67;584.09;872.64
NNGV;218.34;281.43;939.89
CMLB;111.36;908.5;187.29
L1L40;712.88;520.09;736.0
RZ5L8;813.09;11.02;433.25
ILFTZ;77.25;841.5;79.41
1GVMB;25.42;128.69;504.37
DHTT;964.67;943.76;419.04
V06AA;998.5;624.07;891.07
LO;147.04;187.48;522.37
LRY;241.04;738.02;405.99
CVX;414.47;145.6;832.34
97U;911.51;516.14;958.48
ESH;168.79;187.29;466.98
HH0W8;520.62;469.6;319.35
VZVDI;874.43;515.63;434.62
XWQ;218.67;372.67;407.8
V9Z1;585.32;141.31;859.91
CK45S;827.24;667.18;794.79
4E9FF;747.71;922.59;557.59
G4;541.97;113.14;714.15
2B5;439.55;996.5;170.38
9BGMP;25.74;299.95;670.19
PCA;550.67;526.41;134.09
MJXI;740.4;27.29;373.99
GBKO;716.83;583.98;728.07
6P;744.12;734.23;788.64
8Q74;103.95;816.09;66.14
UV5;564.46;209.35;427.1
LL;796.35;482.61;586.59
HBR;856.29;936.09;683.49
4M;90.02;371.5;306.67
3WG;979.89;936.99;149.63
9E;912.67;202.21;469.33
TXDC;191.22;267.53;391.91
JO;511.56;70.14;463.52
QM;818.37;198.18;120.88
ER;395.59;373.58;932.37
U6B;701.0;207.37;354.86
NX;469.95;808.89;240.38
H4XZR;661.77;708.84;115.41
VS6ZQ;994.38;625.16;445.25
F7DS;510.23;178.73;820.8
9M;57.85;526.86;974.07
UB5;986.13;800.21;238.37
MG04;794.38;850.71;138.76
6U;758.58;627.81;203.48
5E0HG;136.18;614.02;229.09
ILWV;587.6;885.66;841.01
FAV;373.45;492.53;753.14
6D;309.19;385.12;796.37
9Q;65.43;913.65;163.36
F61U2;66.01;6.36;311.85
FEVFO;829.62;492.64;923.23
3Q;863.01;444.25;132.01
XA7HN;835.63;130.22;336.77
E3O;500.24;749.04;111.06
HT;997.67;229.36;527.23
59DGB;947.47;440.96;21.97
J9WOG;662.21;653.54;35.4
XW;814.04;657.67;543.65
F0Z;759.39;763.74;749.27
3CQGH;594.92;974.53;399.4
GG;267.77;29.89;954.05
VC79;534.51;995.42;88.95
B00C;774.26;110.16;479.95
KP;104.59;306.06;34.93
1JGT;585.55;745.32;377.72
56U;783.82;955.5;126.76
F2UJ;335.56;872.91;983.46
9T;166.55;699.92;370.42
CF3F2;31.51;76.69;818.69
RNC;400.8;938.41;400.87
8M;376.15;110.69;923.0
8WPB;111.77;368.72;783.4
US;512.96;846.68;768.8
N77N;29.55;462.43;658.44
FMD6;334.66;258.86;469.46
5HI5;743.43;322.92;965.57
D63;326.03;497.7;9.33
O8A;916.24;277.09;273.75
QXI1;829.06;216.46;911.67
BCBGW;923.65;881.94;761.11
JDCZ;268.31;216.12;822.88
P7;972.35;481.08;480.48
PRBJ;908.84;747.74;559.95
FXI2;663.81;46.84;291.29
2KAX8;974.55;115.33;75.36
0JM9Z;285.6;344.14;628.29
J1;217.71;821.81;36.19
SD;297.16;894.38;693.09
88QVS;971.46;572.47;718.45
GAX;622.33;651.16;30.27
2E;720.48;938.75;52.95
F4L0;831.22;636.33;696.56
R4BFD;460.78;910.87;867.15
8Q;614.09;405.77;348.0
1WJN;963.13;965.8;796.65
Z65Z;963.15;105.29;223.23
6BT;927.28;324.97;203.5
VI;279.0;297.48;135.54
BR1;333.65;786.26;948.32
MVY9Y;898.7;962.32;472.68
PWNH;597.66;716.09;9.44
Y5RA;707.59;27.57;415.54
R3;502.52;10.96;27.04
XAXK;791.33;69.51;557.67
J8UAJ;230.79;622.99;676.97
ZM1HY;708.51;926.25;377.14
IR;54.4;243.54;942.51
66;961.82;775.49;176.29
DYI;897.15;653.81;786.63
KCD;716.82;922.4;865.12
4W;859.13;420.68;67.64
9PG8;188.43;523.75;966.68
PT8;644.89;885.64;658.57
XJAD;752.89;90.39;847.97
I7;17.33;134.45;252.85
N3M9;550.77;807.24;440.01
R8A45;178.24;373.48;962.78
F92MW;955.06;869.17;113.69
92HH;227.44;768.19;100.65
1V;444.08;100.38;14.69
QQ;546.35;140.98;879.29
JFCF;505.23;575.05;359.94
9IZHM;817.24;266.12;524.7
VRSWA;612.03;71.71;485.0
OJ1;780.17;908.72;236.47
30V8A;461.42;257.97;635.04
BRCZ;523.37;587.85;354.88
3WN;573.63;249.95;191.53
F1;88.78;223.42;141.41
851;5.52;879.69;180.88
DL;264.17;614.64;501.07
HFQ;636.47;222.07;803.01
NTE;284.08;288.23;314.95
D5ZOW;402.18;283.78;300.14
EC;475.05;788.8;803.53
HCD9;487.51;456.1;949.48
OY81;453.87;994.89;560.0
183;58.72;591.78;538.76
T2JN;345.9;234.57;345.65
WOL;706.18;23.68;195.67
IXL8;175.16;799.64;12.71
JT9K;157.95;677.21;568.5
5DUC3;965.62;387.16;127.81
OB;452.46;166.51;150.1
WLH;721.65;34.46;553.39
62RYX;977.88;972.45;460.6
BGD3;69.66;618.63;572.99
5A5;498.71;701.74;3.36
CC3JX;900.68;15.33;23.24
9AA9;282.04;360.25;828.08
OH5;309.08;718.65;379.05
4Y8W;747.1;261.31;725.27
6689;727.7;318.41;867.07
BUMJO;166.17;332.09;755.06
EG;783.1;303.74;386.72
TPN6G;32.03;4.01;393.87
PPJ1;932.69;842.54;530.16
7L6B;46.2;779.63;105.28
9BYH;428.57;664.0;412.22
XM5;866.46;193.82;415.36
7325;59.95;127.49;167.15
6T05S;126.09;960.83;129.82
YB;609.79;91.41;377.77
PJIT;263.6;144.16;643.22
RFE;882.43;521.72;119.16
C8GM3;370.48;366.28;3.37
INZ;156.93;889.2;3.26
XQC;232.76;858.83;546.84
PZ;296.75;997.0;297.8
GF;63.33;951.72;118.15
J6;85.98;622.84;229.25
6LJ;90.11;693.26;683.39
BK;76.52;625.82;809.89
QJW1P;151.62;633.29;24.4
HY39;462.06;703.19;325.09
5KOLI;719.81;59.96;971.65
IKKA3;220.17;691.84;598.45
0UEJB;382.75;940.12;328.32
02S8U;75.67;320.83;18.38
SRS1;511.63;502.02;486.38
JU;94.6;285.66;247.33
TKC9;766.22;372.91;510.22
Y5;298.75;949.68;77.96
N5GQ;930.82;576.64;108.83
MFO;844.77;300.81;516.78
9CP;403.81;980.14;213.81
SR4;473.75;879.63;109.92
WATVU;201.4;757.92;124.01
JMG46;620.14;480.04;667.74
TB;320.96;106.18;558.95
9SDR4;356.7;23.29;374.11
VFYR;747.29;575.21;333.0
FQDII;79.35;763.09;914.93
OO7;620.1;541.1;428.03
CZ;764.16;629.75;419.29
2X;74.63;935.91;481.38
NOILG;69.59;671.51;118.27
CI1UW;470.17;61.61;934.71
UJHZ;39.66;808.16;873.3
YCYJ;285.29;561.92;933.42
J48ZF;452.23;388.72;115.21
J86W;253.71;65.62;436.68
86;836.8;356.43;492.2
PDZMA;693.02;179.93;398.61
MV;340.85;584.74;104.59
PPYK;423.28;621.47;201.4
WDXD;960.68;446.41;427.8
HRRP;694.65;943.69;735.06
E3;841.29;896.49;387.97
O4P;624.81;889.06;938.83
K4;451.9;990.44;841.27
XTC;66.86;400.17;161.25
ARA6;381.26;766.15;895.55
J09T0;585.75;230.42;485.49
I4;174.15;437.45;620.73
VKW;748.09;766.54;703.51
R8;521.57;561.29;790.77
7JD5;187.02;328.87;766.42
V444;899.19;91.32;525.46
BXY;953.11;793.11;422.2
WVS5M;494.24;849.09;503.01
ISR3;836.62;210.6;86.86
P4;894.18;83.82;30.7
5D0T2;964.53;595.15;608.13
2SS2;295.83;452.46;883.31
6W;445.87;318.94;82.0
OT;593.52;288.46;332.64
TM;312.87;226.43;511.36
DUW;11.98;598.05;864.96
H24;676.64;401.62;814.79
2W;437.91;473.24;3.48
P4PVP;463.78;966.72;12.84
XNY;984.61;901.91;122.84
C06;655.08;695.71;807.32
3M;422.6;478.07;679.37
KEJXS;669.27;507.02;460.5
XRRA1;364.88;232.63;251.65
P4NU4;544.88;444.93;424.47
97L;492.46;875.12;390.87
ADY;891.13;968.77;7.48
EOSG;345.04;295.54;627.46
QRTD;899.36;558.55;693.59
UX07;149.46;740.41;883.74
UN;122.05;164.77;239.07
ZTH6;219.1;316.68;995.74
YWG;126.87;401.02;787.16
Q9Q;133.59;835.46;938.09
0ELA;616.79;778.79;522.62
CT2JK;862.41;740.97;720.63
4KX5V;326.9;816.58;86.88
GGN;20.36;651.28;447.01
NXP;456.95;789.59;954.27
27OW;704.48;820.73;884.85
0V;244.07;418.99;295.32
24;306.8;691.14;885.52
LB2T;141.13;718.95;988.69
A9LY;824.85;468.67;577.19
FLZ7;613.79;389.64;952.9
UB;69.28;550.99;566.17
HUJ56;381.79;733.53;320.92
X2C;413.63;706.36;44.38
5WNI;843.79;345.69;616.96
YTTOR;866.96;155.81;118.23
12D19;773.23;860.29;8.86
XJ0;407.86;872.32;812.13
OW1UF;201.92;759.15;41.95
7Y;296.99;987.37;332.3
YNF;110.23;948.46;338.88
T54;706.46;695.38;805.61
KKZ;362.18;524.57;3.95
QSB;598.56;48.29;886.09
KY47;563.42;925.53;402.67
NPX;170.98;75.83;816.8
VL;697.0;399.37;10.33
XSX;555.66;684.35;434.81
F9R32;661.69;286.62;981.24
H9A;189.14;845.56;868.36
EJU;918.77;652.31;390.09
DO;140.93;293.46;591.39
GK;286.22;341.94;788.36
CYO20;0.1;37.99;988.33
U7VJ;262.51;687.48;147.47
CLI;996.38;432.09;266.64
LVY;753.32;958.79;684.71
V3QFH;361.53;417.91;694.62
QW;218.79;892.77;333.5
MM0Y1;431.52;29.44;930.82
30L4;637.39;967.01;58.78
7ZI;159.86;564.21;832.18
024;964.88;998.02;874.41
2GPO;915.22;849.78;49.95
PK5BY;696.03;342.86;935.16
DF;346.74;439.02;473.27
OQG3;55.59;544.01;406.24
EAG;100.32;215.97;48.89
2PO;862.95;692.67;937.26
DU;46.38;857.29;621.19
WL5;636.67;5.24;169.11
2OW93;438.76;514.0;164.39
IRY;889.94;360.07;669.29
16;694.78;725.38;703.19
4ARH;47.25;963.65;288.98
40;944.68;277.02;723.21
R5;959.45;405.17;787.11
XTFJC;74.81;805.81;891.88
4Q;414.04;179.56;617.19
26BH;86.09;270.2;159.8
NSBD;357.04;129.63;733.85
WO;825.06;586.33;714.53
T7;282.03;697.61;866.66
AFM;399.27;862.25;898.44
3F;139.89;379.0;892.41
B12U;271.21;768.84;307.4
W92E;993.02;845.78;807.06
WZF;826.28;842.3;879.69
Z2QR;533.88;373.01;934.37
KJ;137.37;309.2;707.6
LXHU;840.63;624.5;432.87
QN;191.38;352.43;648.76
6ZVC;163.75;411.84;840.29
NFM;572.4;846.28;636.58
F2N1D;891.99;247.33;902.47
GMNIU;796.84;973.95;166.63
NAOI;386.5;709.77;379.72
A7U;867.85;917.52;814.6
GBX;942.15;885.4;285.61
E4;226.91;305.1;575.58
1KX10;47.02;588.62;146.07
DXRO;974.2;667.57;13.92
9TG;761.72;544.83;869.09
X022;648.49;255.57;1.58
AS4VU;123.95;542.89;841.0
YIV0G;910.73;277.9;426.94
2IZ9;898.7;844.49;208.71
32EZ;276.15;726.97;807.43
J8B1;173.03;13.81;534.89
M6GV5;719.12;982.94;355.36
7F4A;631.57;376.52;763.45
VB3;416.25;40.93;720.43
17F;390.12;936.94;7.66
II;642.6;130.89;49.83
8EH9;78.34;963.33;697.53
UU0;649.94;496.56;710.44
X8F;495.49;734.28;276.83
JKO;269.61;337.34;259.13
215O;308.42;351.89;481.22
WU;801.61;591.39;796.43
BP;825.37;539.07;504.38
24P9;708.12;307.85;521.96
8IHG;114.21;61.88;105.53
1L45;194.07;940.17;60.08
SKFB1;338.18;32.48;515.6
QN6;818.42;404.85;855.85
SWHJ0;666.71;653.92;997.67
S8;165.58;738.47;466.8
MBIG;889.3;805.19;16.66
2G;302.98;779.15;838.4
0MUM;850.64;660.51;802.9
M1Y4;164.0;865.44;82.47
IZ;261.28;730.36;918.2
MZI;612.12;179.71;547.15
EMP;884.99;466.18;471.84
9XO;208.5;908.03;9.21
U4LK;345.44;168.96;721.39
DD;874.15;691.18;137.99
XZ54;304.62;353.98;561.63
EJ;727.89;815.65;699.8
QODL;29.13;362.81;959.25
HW05;93.19;53.73;247.77
YNTV;635.26;429.05;923.25
6U4;581.62;52.96;954.33
LQL3;472.34;869.67;563.95
IH823;685.21;147.24;834.32
Q227;100.47;605.28;471.27
JAL;641.93;508.52;759.2
DZX80;944.82;168.02;229.31
6N;291.51;780.11;67.06
50;794.89;381.31;975.1
IY;949.35;627.83;429.04
J3G;378.24;305.93;353.19
0XA;345.96;173.73;886.25
7BDPO;580.56;607.39;172.49
XVCW;464.9;256.82;717.89
RE25;214.85;956.58;943.03
7ZJ;278.37;523.08;890.23
PWZ;49.21;802.2;437.96
28TZ;979.8;564.89;257.72
V7DU9;74.87;129.2;239.32
9ZZC;470.06;806.39;858.66
P7RS;927.93;998.12;105.23
TXXI;840.78;857.87;825.09
EM6;812.97;763.09;65.25
38;266.21;871.3;726.15
9MUSD;402.88;401.54;280.81
23QF;745.39;913.36;380.41
8C71M;146.58;569.09;522.69
NZ;567.87;767.32;167.55
WUES;324.12;174.1;738.02
GKQZ;508.74;880.84;979.1
XF0I8;888.15;751.32;696.22
J4Z;706.0;960.34;757.48
X9;725.18;456.83;168.91
UMAAY;118.53;792.19;965.67
PT4;387.47;70.49;744.83
GIZUF;17.7;499.94;939.06
QJ;235.84;621.98;177.65
YVZ;383.82;637.87;175.39
EN;777.47;978.19;718.28
9B6TB;70.05;352.96;136.61
MH8N;809.36;862.72;698.92
NM;365.25;38.97;527.75
D8TGX;353.72;359.06;579.43
R4Y;734.3;592.3;21.17
742;916.6;241.91;533.74
6O;931.2;52.77;788.63
V8;347.56;299.6;446.34
LK;891.61;8.47;704.36
Z1;931.9;747.92;239.84
J9ZMF;623.65;152.98;648.9
T4BP4;355.42;702.94;807.63
X6CK;186.58;316.14;858.02
Q9;434.69;964.27;573.96
LNEV;345.38;235.73;847.01
095;704.0;282.68;757.37
K0A;572.24;52.03;901.8
TS;244.53;902.98;721.68
B1O;581.05;820.41;264.67
071;579.12;582.85;274.83
PV4;407.11;86.47;155.35
NA;558.42;29.75;82.87
8K7I;637.49;152.38;596.66
993JK;574.26;325.35;533.47
QC;596.27;573.33;544.48
WR;282.67;346.9;0.7
2VBJJ;465.78;987.79;275.88
8V1;944.14;538.41;580.81
1VF;865.52;49.81;60.25
1CF;337.47;542.85;106.54
DB;659.13;184.96;839.92
GV;271.03;410.58;761.48
SWW;157.87;13.83;220.42
IB9L;488.39;810.9;682.65
X2;663.35;134.25;330.2
S4;86.14;32.83;544.61
U1W8;997.52;257.32;355.24
MT1UQ;119.44;569.62;465.92
7KA;148.24;524.8;627.64
D5O;713.54;499.27;499.15
XX;650.38;248.79;666.01
7YT;489.86;587.8;963.87
N0Y;282.64;968.31;740.19
5GAX7;613.45;831.13;436.63
AM;246.41;262.93;616.62
W3ME7;675.49;774.92;610.72
862Q;983.6;806.01;654.05
RR;732.77;139.45;408.32
DAMJ;674.0;937.99;546.96
TDY;580.81;201.67;341.45
51HPV;795.87;706.7;415.9
SX1;423.3;876.8;974.7
W5J;145.33;217.74;0.6
PLUMT;868.53;704.24;192.45
FXHUO;493.56;623.31;127.85
KGG5L;102.9;785.66;211.76
7Q;416.69;525.91;977.76
AD16;256.94;124.83;353.4
SS5;656.76;219.61;543.91
CR5T;254.18;179.07;823.97
G9;693.34;694.17;863.34
P13;40.95;959.69;604.94
LT;974.53;684.14;183.27
0D7;890.64;375.93;633.49
ZUHV2;445.31;637.18;424.09
UH;682.28;90.02;258.08
PMU;339.64;589.85;96.2
TFJM;557.34;592.3;407.11
WXCW;523.35;930.34;147.97
EOLB;369.22;197.63;700.17
HFBXT;398.61;8.81;923.0
O1;398.63;513.42;20.74
0Y9;200.61;453.26;0.82
EGJS;728.75;301.62;666.12
E9;276.31;400.35;234.65
1KK6G;865.84;378.46;239.65
CF;514.04;693.47;948.55
5T9P;286.8;392.21;206.22
RI;913.29;208.48;523.5
K94G;620.22;664.2;15.53
MC5;100.49;935.57;125.38
VUS9N;936.79;639.18;655.33
JR;698.8;345.97;755.78
6PSQW;130.63;429.89;329.05
A6N;784.87;775.26;793.32
BBHL;565.36;759.83;975.63
4QZ;547.46;630.77;24.45
9IK;831.85;287.51;798.73
1G3YF;653.27;745.96;69.98
7YJ;306.74;702.15;322.4
G3E;273.01;741.12;209.68
EXZW;403.6;549.23;291.54
CWO0;424.36;665.91;296.5
AKG;96.31;83.87;796.21
S77O;223.13;328.69;16.95
MN915;488.24;842.89;648.59
E8K;975.26;873.87;205.0
6J;190.84;365.9;361.36
X5H9;351.21;251.73;568.82
LAV1;102.49;53.02;689.39
XJW;525.73;336.04;745.65
2FBQO;734.79;54.81;191.13
DRNB;142.83;570.12;475.48
FE;258.98;833.27;23.65
15;615.2;194.14;774.52
23YMB;495.63;733.71;426.7
AT5S;945.46;326.15;842.26
R62F2;750.11;241.21;652.49
BYZHL;880.15;170.8;537.17
LB6P;480.76;738.15;15.08
O1G5O;376.59;955.39;165.33
4LF;982.4;990.96;437.49
NRD;565.36;87.27;26.21
F130;26.56;898.33;506.93
2B2S0;998.8;914.84;542.31
3N0D;531.25;952.61;82.93
P3ZVR;864.19;730.93;602.7
4IRL2;375.72;237.38;328.84
7KWV5;226.12;600.75;107.55
1YH;91.72;399.36;803.54
YFDJ;380.65;493.98;959.1
4K3R;866.61;62.52;522.91
GP54X;25.75;570.47;63.83
M0;947.75;672.92;595.42
1TL;336.96;491.55;583.3
7LXV;535.5;125.12;573.16
KL6YG;47.04;920.84;368.39
NTTE;465.86;64.9;154.32
UN59T;1.24;203.01;709.74
TZ9VK;343.68;509.14;388.12
OJ;395.33;458.03;970.59
STKQ1;732.62;485.97;163.62
JP5Y;965.03;464.28;157.37
SCTD;942.66;49.98;774.22
JYN;493.61;508.76;811.83
NPMSC;990.21;464.14;191.99
ZGN;511.84;849.33;174.2
DI;674.35;940.52;179.63
C1EEY;843.62;407.79;360.73
OW;752.41;859.97;920.02
0WD;368.55;333.1;843.01
LM;670.36;399.14;436.45
JI;319.33;368.8;218.1
F3;314.5;780.18;332.64
AXBTA;190.66;854.36;869.18
M9;379.77;770.95;824.65
UD;9.75;258.24;674.74
JRARO;454.9;35.07;319.64
HI8;327.57;174.32;760.23
4A19;556.93;362.15;887.44
PL;167.84;634.71;746.33
NVQV;140.14;286.91;758.3
I0UET;907.3;487.72;473.9
8HGCG;76.69;958.44;934.22
HUX;843.14;183.32;55.23
4AV;333.88;1.49;272.81
JVO9;94.99;485.86;806.32
W1V72;937.72;850.59;795.43
J8K;618.66;896.15;587.66
3EA5;102.88;850.27;146.75
5TXY;268.68;979.4;263.33
SGR;315.57;995.58;200.04
SM;356.05;880.91;545.71
PO;681.04;995.92;927.32
2ED;855.36;156.53;831.56
YR;75.71;613.43;335.35
6Z7IZ;312.25;836.65;227.47
KLVHE;466.03;408.46;426.88
0O;458.24;3.62;765.91
ZWT2;594.3;654.13;529.29
ZIYNC;94.23;866.26;16.16
CC;582.94;874.16;596.2
YH;627.77;939.32;262.14
K7QC;516.99;782.38;913.58
8F;181.73;355.16;11.14
9T5TT;287.05;273.45;132.13
FO51;369.53;435.69;199.19
51K;938.9;943.11;877.17
9HU6;893.9;755.56;187.78
96G9X;482.58;598.93;455.33
TB5J;551.02;181.79;275.27
D59;229.69;764.89;757.07
E8GIV;929.78;869.85;372.54
UZ9J6;980.02;922.35;21.61
WFGIL;514.2;617.46;665.9
5UR;590.87;545.95;394.39
13T9S;73.16;771.87;886.87
M2U;781.31;71.53;723.53
ZCGH;178.77;475.31;54.38
L3P;852.8;652.0;217.04
VW;535.94;357.36;396.35
DW;310.19;663.5;225.92
LQ8;764.73;144.42;870.04
XKC;243.39;285.95;635.55
9F8;724.16;713.8;174.53
7FFP;11.62;751.49;34.35
5IZ;941.17;376.64;259.2
MP;433.14;165.77;927.77
26;963.67;771.6;303.47
ZM3;129.52;653.62;243.2
HY;627.03;995.2;274.82
7WBL;119.63;764.32;882.44
Q24Q;258.58;165.68;878.16
Y10;606.16;416.62;89.94
LONW;563.44;702.73;896.84
GNTF;378.94;727.17;184.52
PG;341.01;259.67;761.93
0TQ;464.8;474.88;427.04
ZSZW;803.38;212.82;544.39
P5;306.77;742.87;83.74
L1670;880.05;684.47;16.3
0Z;27.31;110.61;129.19
8H;176.64;265.31;532.58
49H;483.07;834.22;3.9
CVL;726.27;43.41;343.03
IT4EY;323.76;455.89;250.36
R6;580.65;42.69;161.62
WZY;565.18;967.53;696.09
WU0F;131.66;982.96;192.77
DRZE;851.29;683.79;458.4
H2U99;720.86;36.37;58.94
8Q99A;985.74;204.7;345.41
UUZVL;392.84;841.88;447.21
HS;727.37;987.18;561.24
QTFD;893.9;745.75;819.34
KSPE;767.41;759.54;99.06
4QF;455.68;879.66;540.92
YKGT;875.5;358.14;488.21
GM;959.5;990.86;290.23
PT;437.16;619.53;819.73
I1W2;391.44;515.48;853.51
47;702.09;78.27;625.98
C0HAF;556.76;195.08;698.3
GY4MJ;918.36;570.12;773.93
5CY1;578.65;825.69;888.55
HQ4;627.79;900.87;291.26
KWJ;992.17;554.92;440.05
6DF;846.08;958.03;57.14
BECUL;27.12;174.61;11.34
YX;609.71;964.88;661.65
T5Z;933.87;230.38;841.11
0A;474.33;851.39;778.1
1NUZP;258.49;465.36;120.83
10I;92.54;998.22;767.96
T7P;664.81;365.27;807.07
44Q1I;256.44;968.1;818.97
TY;391.81;477.43;816.83
QGQ;658.68;830.82;481.05
GW52;462.09;404.81;736.3
37DFN;470.76;660.18;416.33
CP;369.45;330.95;830.46
A8Y5J;187.54;379.24;865.85
44;107.85;195.77;26.34
JC0M;272.06;179.4;917.67
D5YG;228.46;258.31;44.0
VRV;467.95;20.26;869.31
KF8D;308.11;966.85;331.23
DWKQ;102.32;319.15;736.73
9G9F;452.68;789.65;2.42
2Q;535.55;317.25;645.38
3C5J;504.85;416.53;861.81
O7UN;760.83;618.14;521.46
HU;633.85;162.22;556.1
IF;354.78;777.91;218.31
MW;926.25;326.47;543.56
CX7;522.12;704.89;807.17
ALPC;748.86;972.85;929.46
W1W2;278.59;846.39;656.74
N7;751.95;35.98;87.35
WVLH;976.25;368.6;755.1
Y7;577.79;25.3;402.69
T83WE;26.16;333.23;941.92
HBQE7;211.97;47.55;704.34
Z5;111.37;867.41;956.79
6KLB8;586.6;203.58;742.92
FFJFX;521.7;848.13;900.76
3J;785.31;934.43;734.06
C8GZG;608.27;887.82;632.87
LBZ;773.52;712.07;726.53
EZ8WC;57.88;210.84;788.88
3694;772.75;41.76;674.15
RQAI;594.71;159.94;853.45
7DLNJ;258.68;920.88;883.03
FFL;219.05;833.74;44.17
8UO6;448.14;516.29;17.19
K6;265.39;351.02;610.64
9HB;543.63;594.2;290.09
MA;412.5;944.94;817.1
Y1R;582.03;266.74;60.07
A17J;512.57;178.33;748.38
TU6A;885.23;283.97;455.45
T67;677.8;367.32;617.29
NYS;204.37;645.74;334.39
OOH;523.55;445.27;186.19
EINBG;50.57;625.67;171.9
W7K;394.66;189.52;447.45
J5;480.07;726.68;525.21
OY24;910.75;636.45;864.06
IFOC;836.97;876.19;92.14
8SH2;769.99;791.87;887.84
B47;757.45;253.68;779.64
P36V1;586.33;819.25;478.86
E9VM6;502.53;483.31;885.45
XCM;716.33;29.85;916.71
QBLPL;385.5;443.68;65.12
HOOX;701.55;946.64;14.85
2Z;217.98;283.6;722.35
03;800.85;678.41;720.17
68;794.19;819.55;673.24
LZQ;621.52;747.82;422.26
O5;80.79;309.96;440.8
PET;879.15;392.19;121.74
0UNN;78.59;474.59;215.8
JU3;962.28;51.65;642.44
0D;761.54;180.95;288.91
2K;600.14;720.17;746.69
AH;471.56;535.31;130.55
8S;913.79;561.42;437.53
EX;402.81;651.97;910.55
QWF1;150.47;324.63;314.68
C5;603.82;400.58;863.78
L1;272.31;770.77;322.78
1LUX;514.61;162.38;293.42
5XKG0;522.29;878.25;892.82
WML;426.8;988.02;33.27
JKU2Z;576.37;612.99;751.23
NZHIZ;643.83;228.28;713.19
K18;39.4;819.68;164.06
YXG2;713.01;384.24;562.79
RRI1;318.85;14.35;605.75
HXWL;277.91;410.19;597.43
4215M;114.52;22.08;185.96
KN3SA;785.23;141.83;214.59
3K8;812.9;87.44;498.79
WTKE;252.23;67.64;873.95
0RT9Y;436.23;17.75;84.68
KGDCZ;452.43;34.43;809.06
FOR3S;623.06;228.71;942.69
9YXX;218.99;641.63;75.86
W6AH;170.08;906.38;380.02
GQ;131.57;536.5;802.21
WV0;727.46;539.8;552.42
S0N;393.55;923.63;303.57
IJS5Y;258.35;151.56;234.11
O5O;253.48;246.72;223.67
FJS4X;919.17;785.0;470.42
TA;403.93;220.91;652.9
JT;612.57;973.62;836.15
Y30;871.82;426.88;807.09
AZ0;494.0;109.32;570.06
A8;929.61;344.38;727.4
L8D;25.82;844.35;704.42
9JU;736.84;215.13;365.73
VT;140.45;939.85;319.38
R9U3;544.6;155.19;67.53
YHI;996.09;922.57;105.84
CX;492.26;430.58;12.36
S3;351.96;782.32;529.87
D5;528.64;298.21;122.57
4MB;708.75;886.12;575.66
ZX;308.19;813.18;12.98
3W;321.35;552.57;147.74
ZFK;759.45;784.85;556.09
N9F6R;527.09;816.07;836.15
2KO;295.61;19.59;610.71
WXP9;306.57;37.27;691.49
IB3;869.08;241.6;498.23
CRYUT;570.52;457.79;540.37
6E;67.69;596.67;134.18
TM8;592.7;602.93;533.06
7E;669.38;520.85;77.04
KZ37;166.81;95.06;403.7
59;92.1;647.08;214.91
KQ;681.36;446.12;124.96
MD;938.78;403.07;400.47
K07H;735.91;565.93;332.8
XR1I3;367.07;139.66;4.97
5FUS;625.53;233.66;437.96
UYTT1;121.27;759.66;318.52
OA0C5;931.46;23.87;51.71
0Z4;699.68;998.98;737.24
49252;895.69;926.36;709.15
LTTRX;751.43;42.44;650.28
1QP;826.56;301.09;978.43
A2PT;334.02;101.46;621.08
8PO;967.18;637.35;887.15
276;752.23;786.64;761.78
448HM;291.03;983.73;43.79
X8NW;39.55;705.49;345.57
9Z;115.08;832.66;300.67
BV;295.72;75.68;938.68
73T4;536.78;228.57;787.74
1JG;900.66;94.44;701.82
JE;966.7;239.9;396.46
M4T;216.16;182.79;879.28
ML;990.93;930.64;488.37
42ZQ;736.74;684.23;819.86
WH03;869.08;58.08;872.95
AZ;194.84;188.13;460.47
78QA;630.74;684.78;294.92
335;849.27;962.96;508.12
TH0;904.06;261.52;292.43
OC;406.42;964.66;65.83
VHW24;715.48;387.11;180.91
ZI;203.72;382.24;270.65
RVH;589.8;92.11;502.68
2WOIW;87.07;283.64;13.84
KM6F;973.09;304.74;467.06
QD9;526.07;393.65;472.16
5A;589.97;17.46;704.25
MF3V;386.82;900.32;647.4
T8;892.22;130.41;63.63
M6D;810.14;782.1;372.17
XV8AR;694.86;872.39;740.62
H9U1;452.88;447.03;385.92
AD;889.2;119.11;653.33
H7;2.95;685.94;934.57
738;15.2;28.03;885.55
S42KH;122.7;870.9;157.43
OIQIX;989.78;222.29;927.46
CIV;626.96;683.36;826.8
HBJ;198.34;794.02;30.54
QXLOD;374.9;393.1;265.53
QO;43.36;246.05;62.88
9R;33.11;890.93;743.28
I3WL3;798.07;246.78;733.53
U4XI;384.94;861.27;87.02
4QE;202.37;457.88;866.78
8Q97I;502.92;166.15;184.91
CI;944.88;805.26;206.24
MNTZ;142.11;312.95;942.98
2EYQ;193.84;229.6;549.05
R46;604.96;947.44;941.58
1QCQ;57.09;120.03;103.19
DZUI;917.99;142.24;886.34
GF8;873.78;461.68;915.25
N9;97.0;207.71;5.59
D7;866.58;235.42;880.83
1GU0D;58.94;422.87;202.91
IXHC;59.77;365.02;255.41
PVES6;38.78;234.16;739.16
SP5;783.81;432.52;444.39
MWXT;922.45;598.57;71.62
W0EGE;502.04;722.41;284.31
84;36.19;865.33;663.64
J3;715.83;408.09;647.19
NG;829.33;954.01;134.8
F3C38;211.32;123.49;23.36
X4;555.79;402.31;919.72
GRTY;392.03;203.54;475.09
AJJ;518.54;167.68;690.69
EU;182.03;553.42;475.44
30Q0;190.73;160.02;477.72
6H74;592.15;796.45;459.66
RJC;888.6;375.03;88.76
C05K9;605.97;981.34;669.54
NL;251.95;934.08;351.12
HGWAD;841.28;104.16;594.59
J9;459.97;744.13;127.52
KI;283.28;764.03;658.11
41CHK;62.18;307.61;255.85
CNR2;965.61;102.33;648.68
OZD0H;16.85;107.64;956.73
IH;339.35;784.97;160.28
AKW;132.04;104.79;435.62
CGSW;965.73;151.46;63.56
JUE0;317.7;212.26;52.21
73IKN;823.82;346.69;501.63
QCJ;762.22;812.88;838.62
Y4A5;702.4;490.66;29.12
FT;61.08;457.47;801.69
0K8;776.78;957.92;446.09
IUGK6;319.64;165.85;687.53
J98XM;350.01;773.05;700.59
2SO2;38.56;523.44;805.44
LTPU;211.95;94.4;254.2
0EJ2;647.08;214.78;743.4
PZH;233.23;897.33;651.91
4JBDH;615.79;161.12;592.79
HTZ;293.68;310.17;104.36
V5B;586.36;916.99;376.17
KEPO;877.76;751.49;526.85
5LXE1;869.71;939.48;394.21
UY8V;349.22;147.89;99.77
FTOX;903.11;574.41;44.37
ABQZT;512.15;131.57;39.03
NQ7H5;795.07;376.82;36.77
PY;571.33;181.44;619.25
J16K;653.95;585.12;168.15
LU68G;17.61;709.47;479.29
04BSR;658.57;430.34;727.02
AP;255.27;338.59;687.04
J9527;237.32;353.88;404.01
8K;475.06;507.09;660.4
XYJ18;781.45;811.1;286.97
5PAP;947.21;72.65;648.03
09Z0;711.37;352.49;84.32
MF5;872.5;753.43;476.21
D3;801.68;280.85;942.87
OK6;289.81;358.03;736.0
1O;660.1;852.77;443.47
FGCDP;819.12;479.31;771.29
31;460.35;919.53;606.9
DD4;863.62;50.15;237.38
UBM;15.73;951.21;955.97
NW;842.37;732.69;646.79
A7D;591.51;42.1;963.99
6P0H;598.79;930.38;269.25
MN;211.76;316.39;313.42
CY;694.22;939.84;579.94
W8QPN;740.72;678.78;439.45
FL;937.81;992.36;34.07
99;743.65;25.23;539.58
Z1DP;306.57;481.59;763.81
I4EC4;356.85;24.1;791.98
86P4;679.16;308.65;255.78
LK44;69.06;653.86;67.49
UR;305.87;160.15;790.26
QS;34.28;693.44;385.1
NO;8.6;629.99;482.43
VJBYY;570.88;479.13;679.19
9D;891.79;826.29;850.85
S6P;980.01;689.51;526.43
4EEN;166.96;270.22;573.46
WK;964.81;298.79;966.4
Y2XTN;957.93;263.41;704.13
VNM;690.05;900.74;826.48
6JI;366.26;583.88;862.02
GJ;745.35;534.57;462.89
JN7;894.9;501.28;145.37
BZX;75.23;673.96;797.9
BQCOE;961.29;211.37;828.08
X7KUP;13.76;175.13;666.46
JYB3G;325.31;763.07;677.75
0W2QK;398.58;534.99;517.05
WD;542.24;149.26;62.18
72;623.65;950.57;192.05
G7KRT;503.77;361.94;179.09
8X;96.39;227.05;491.55
7Z;68.56;849.74;47.82
B5;340.7;46.91;319.54
EVZ;379.8;344.48;594.15
9CY;164.23;624.24;536.13
Z0V;455.37;804.44;163.76
VIX;999.16;444.74;349.7
D1S;586.01;906.86;803.68
0SXBV;673.27;327.61;976.55
87;453.66;790.15;639.33
O59S0;143.64;688.73;309.85
QY;687.06;83.98;190.9
VC9;512.8;451.8;975.37
RC;159.73;544.8;501.72
4S;723.83;539.52;750.19
QUM;156.45;723.85;538.26
XZ6F;265.05;152.95;461.69
S1G3F;336.03;300.72;454.48
SXKZ0;142.31;395.63;672.8
RR0;788.18;520.6;514.92
BB;134.08;409.83;764.38
MO;726.55;701.28;858.01
4U;886.75;62.68;62.17
NU32A;851.26;823.18;503.19
CBQT;873.17;974.66;198.64
C4S;622.9;312.1;251.17
QHQMV;199.43;179.98;729.8
FQI;401.33;823.34;50.48
9O6;544.3;358.18;261.35
RUEM;681.42;4.02;239.3
FJPXO;298.65;690.14;13.95
H308C;726.39;326.33;546.23
8V2H;208.24;573.0;157.26
4KH;280.4;693.48;335.11
7ZOF;510.07;283.11;718.59
0TT5;643.24;56.39;951.55
VL5I;103.46;434.32;227.09
PCMI;295.41;2.3;891.12
9B3L;652.81;614.29;129.75
QVC;948.99;704.32;825.75
RPLJA;744.89;882.21;348.21
WC6H;484.11;974.02;396.94
RCM;668.47;270.43;895.45
ZAW;806.42;142.87;747.38
SJVFO;760.7;722.21;835.34
IRSPZ;433.77;642.04;305.58
2NM;535.82;748.78;765.37
PL1RM;578.78;103.79;24.36
F8O;909.03;929.61;888.34
M5IS;586.7;886.43;930.31
VWWW;766.85;143.3;248.09
QAR;3.38;805.86;594.36
8RROE;762.17;940.27;319.6
P1I4;763.13;820.49;430.12
WPY3H;4.85;71.6;781.2
UI9QC;211.16;719.81;272.69
EB;341.96;244.61;768.18
YRZ;483.62;26.21;321.65
MT;700.95;661.47;15.81
QSY2;854.65;985.39;401.8
C0Z84;270.13;646.11;701.74
9SOD;549.72;463.51;322.1
IC;321.52;541.48;285.75
CFMPO;39.53;144.89;99.04
59GZW;590.12;201.64;321.99
GO;568.47;48.47;148.26
7YVUF;746.83;716.94;921.03
V5NM;677.66;925.14;352.45
EM7;912.28;347.95;155.56
9K7;19.05;273.11;360.44
EJWDF;438.44;692.51;148.19
YM;542.88;743.13;723.71
TX;793.99;250.15;691.4
VN1;128.98;277.22;29.8
KT;972.45;786.33;961.25
00R;306.57;311.65;806.85
KK;865.02;264.76;66.96
2UQW;894.59;504.34;951.72
KFKX;571.7;383.93;346.79
MMRKS;565.2;991.9;732.92
NF;859.54;764.29;236.97
MV3KF;594.1;857.92;405.77
22W;125.27;290.84;55.61
5F;442.38;508.09;567.84
ZW5ZZ;683.73;521.93;930.84
AJ;145.37;110.69;741.41
MQ;434.63;665.24;940.36
RNF;109.55;891.13;123.67
9ZTF;154.19;938.09;64.57
D1;951.8;46.03;727.01
Z7467;487.71;929.57;342.87
GTIP;945.01;285.32;902.92
VF6;183.35;323.01;965.75
MQZ6;512.54;721.25;815.7
K9;578.61;636.26;816.71
PI;524.7;826.2;963.92
QKNDA;182.61;738.83;453.31
5GVA1;86.67;760.21;258.43
DAJ1;123.67;471.35;160.42
1H;225.88;864.14;569.53
FV;84.56;552.91;57.47
4P;927.45;608.95;280.28
EGQH3;21.76;937.52;514.15
FO;464.48;626.47;157.68
INTN;194.86;368.51;646.36
CQNT;25.27;222.01;171.83
K8Q;456.08;371.66;446.33
A0Y;222.15;869.5;905.68
GA;921.5;200.4;946.98
XR;258.97;353.79;909.12
YO0RD;772.72;650.22;364.51
FTD44;296.68;209.45;282.2
888;179.92;398.74;926.97
SCAH1;189.29;133.82;228.77
3QY5;510.72;841.86;613.49
9BM;268.24;353.33;386.26
1AE;796.86;392.25;132.15
LG6J;471.19;346.31;140.2
ZP;934.19;549.41;189.34
LE3F;64.21;109.65;275.71
RKY;542.99;47.74;843.7
6V;696.91;24.66;823.94
P8;542.61;346.43;381.41
VET78;578.7;476.33;411.89
8SYV;702.34;562.22;776.69
M6T;517.53;199.42;208.84
ZMW;407.09;334.89;917.05
XLPK;174.2;9.33;865.3
R86;482.12;73.98;109.14
IP9;92.27;240.47;362.45
IDE;865.5;561.91;69.94
LB;863.51;443.6;691.92
5O;140.12;486.71;417.93
QK;683.4;573.45;819.29
ZFB;354.26;756.14;685.14
AEH;685.66;763.91;755.74
5RPR;574.96;610.54;900.37
OWS;167.02;927.98;1.97
OD5VZ;32.99;460.02;109.2
EIHN;454.5;604.53;256.3
T9;631.06;197.68;46.67
2HT;769.5;147.78;263.81
6R;537.07;986.28;799.86
RH7;321.15;784.79;697.76
4LZ;232.06;886.33;288.95
5T;630.29;97.35;239.43
N0A;311.61;337.79;822.8
YGOE7;605.59;111.91;470.92
5S3;431.38;164.1;748.45
H9VU7;645.17;701.77;623.0
HZIC;803.16;404.16;984.24
4YE;389.61;675.34;353.26
7EQJ;941.17;196.62;52.75
NP;868.62;389.49;520.48
TBGP;92.12;561.16;233.84
0DHS;70.64;126.17;343.9
BC;698.61;643.66;78.33
W7;866.44;707.73;622.44
YPG8C;253.58;92.7;507.84
U3M;907.39;835.89;62.38
AW;478.86;698.07;865.61
CSJ3B;833.39;443.7;28.91
ZJ;864.54;740.54;9.39
5UE;393.23;750.27;313.73
ZS;574.24;465.35;601.53
QX;299.28;666.64;947.41
TSOMX;367.68;784.18;803.73
ODZ;455.04;666.1;758.37
65;141.36;973.85;383.99
2L43;850.7;586.51;196.92
MWWA1;31.64;536.13;144.65
344;169.47;684.29;644.99
6Z;342.22;34.24;583.85
48;739.45;183.01;115.89
JF5;342.73;121.75;879.34
X2V8;189.83;583.01;1.04
C7;36.25;900.9;30.16
Y0;879.29;496.26;532.41
RIJ;108.79;702.94;389.67
V3;813.76;79.06;710.18
XM51;326.11;24.74;871.66
FYE28;620.36;634.75;637.56
98;127.92;538.28;395.75
T4U6U;355.18;761.16;445.43
GE;997.39;856.22;453.86
W5;541.63;908.38;208.14
QB;205.03;43.54;765.9
E3X4;303.71;152.7;556.84
CCW;84.46;295.41;816.32
9K9XK;166.0;537.36;926.94
2MM;961.46;936.88;13.38
BUI1;951.53;264.37;577.54
J61FK;811.04;589.64;798.68
SS;14.97;697.77;747.24
5PYZ;401.69;705.73;859.09
7RH;724.61;19.46;480.51
I2CO;102.12;786.15;663.23
NGZ;91.97;563.1;905.06
DK9GH;932.88;754.19;366.51
578YA;992.09;629.78;388.89
ZG;998.03;954.02;282.33
Z6;332.37;623.26;684.93
XOAH;238.64;921.29;331.06
OZ62;868.36;893.99;636.28
K9ASL;461.48;886.25;288.15
O9;642.49;749.38;375.68
UW;552.39;710.28;149.36
LB26;719.04;330.52;267.82
IE2H7;922.85;735.24;789.95
H2Z;892.3;402.41;726.34
S4M8F;786.98;977.16;677.74
0KZA;753.54;194.18;952.93
YMBQP;318.39;446.1;205.6
9C628;14.53;902.15;996.11
J0AZ;104.05;771.91;926.5
7P;546.75;45.64;204.83
6WR;115.01;893.1;351.16
BC9K;841.45;50.76;546.17
BBX3F;25.62;561.08;470.36
VGL;634.73;123.98;369.05
MHAPD;167.38;669.68;757.18
A7JRJ;109.9;262.44;553.86
0Y;903.73;301.56;490.58
K8RA;186.72;546.87;284.95
RWKJL;186.72;66.25;412.63
P1YF1;872.06;402.08;584.16
HG1U;440.87;957.98;651.32
U5;409.07;548.61;707.25
XGL9;298.01;343.58;699.95
40U;420.74;668.18;786.27
HH;518.79;444.52;261.73
P2;821.57;239.23;203.9
M4;226.85;950.0;913.33
NK;661.07;759.17;553.41
VU;944.18;764.23;38.25
WWQ;570.96;837.96;750.97
3RUP;41.95;888.15;866.23
B0JI;470.29;406.21;131.42
C0;220.71;172.39;154.04
HOL6R;235.19;825.85;332.24
VV;473.28;675.23;59.23
UX;522.58;811.89;501.76
H6BR;36.74;466.8;263.9
2OF;284.28;236.38;918.42
77A55;380.69;797.24;120.91
D6;475.18;757.0;740.16
XENAH;448.95;767.92;58.31
OWVL;490.54;32.27;468.96
5B746;947.84;117.71;580.2
1Y56I;437.33;112.04;878.35
LMT;981.62;28.79;67.63
3VZ;890.33;246.44;464.9
LC;849.88;977.29;273.51
WDZ;416.27;669.73;875.23
9A81L;135.32;550.06;123.86
OOK;745.62;523.19;323.5
VFG;414.5;645.34;506.09
SV;740.06;174.61;743.21
P6P;159.41;455.03;74.94
T4;912.67;73.56;237.49
Q20;77.67;976.54;52.96
EX0RP;265.26;819.19;525.49
BB2;73.49;47.63;649.55
YV2;13.71;994.0;58.17
KH389;801.38;188.57;137.25
9ITG;743.11;452.69;836.14
UM;890.81;541.79;202.99
BF;694.53;331.71;553.78
VY1V0;212.83;911.88;448.35
EA4;587.76;189.87;299.99
LUMV;189.13;79.77;350.7
SZU;678.78;24.26;914.72
VS;953.4;13.04;392.89
F0;642.1;374.97;956.03
KXWSD;826.05;479.85;632.45
4T;736.66;438.18;483.22
AYG;889.64;210.27;95.39
43D9O;852.59;827.09;658.62
I2I;735.51;0.45;604.58
6I47;737.3;345.75;917.9
GB9O;431.2;85.28;279.08
JM7;524.75;564.6;772.56
DIGL;308.79;449.43;845.43
PIK9;874.37;839.82;575.34
NXIP;188.61;943.94;535.07
AG50N;668.11;558.06;283.19
Y8K;78.45;447.54;757.98
M2IQ;660.56;417.09;825.32
Q8;175.24;747.5;147.4
55EZJ;709.09;804.39;260.17
043SU;749.84;371.57;606.56
07YW;46.44;648.0;457.39
I2XV;61.93;576.63;113.17
WCKG;988.33;214.27;8.84
4EQEC;330.99;185.78;502.47
GEVJM;245.98;781.73;902.73
3I7;807.75;263.58;204.22
0RSHX;526.25;912.11;765.1
MVZ1C;661.37;82.34;612.71
NC8;202.15;613.67;431.76
M6;129.09;77.31;930.34
SZ;888.59;328.32;187.88
XCLDH;883.08;754.82;76.74
4QX;237.56;128.43;785.52
C4;517.57;646.53;312.6
T2DM;243.49;168.67;226.41
VIC;262.76;309.53;373.42
OEPW2;435.99;218.96;22.4
6Y;910.16;814.97;603.58
KUMHV;926.76;230.38;859.43
GXYG;826.39;280.45;594.2
4F;392.3;643.55;825.81
OQC;406.37;622.08;517.01
UVM;608.58;567.15;787.39
XP;140.71;9.88;338.83
JL2L;404.86;971.6;128.19
XA;632.54;345.93;532.96
UMGS;138.67;185.35;302.57
EXKR7;209.77;523.38;907.67
S6MBP;3.13;220.55;565.89
PN93;713.83;262.61;532.8
8PF;621.12;846.78;389.29
S5;70.7;110.98;235.56
4VOY;237.64;361.5;681.64
2263;834.04;188.89;559.19
ICO3;60.9;662.1;75.24
YM2;668.09;713.05;658.61
4ZA4Y;515.23;170.71;678.3
E9GJP;394.6;663.34;929.72
H5;495.23;606.6;870.69
XZJ;290.71;851.2;631.52
9U;799.88;295.29;199.74
51;559.69;840.8;192.69
1B1;136.03;297.08;973.97
DG;777.79;279.54;975.38
IIAQ;461.91;615.47;345.33
WJDJ;102.39;177.78;819.34
0XK6L;615.36;217.7;271.6
6QZ;525.7;523.76;315.94
0IVXA;444.15;274.08;170.67
FNS6;378.69;998.07;507.24
49;725.81;688.38;805.68
5MA;811.09;195.03;209.49
OF4SG;819.67;814.85;145.09
MX9;735.35;553.34;104.67
HV8;957.3;157.35;746.01
TWAYJ;438.54;727.37;760.05
KTAG;252.91;246.14;672.69
UAQ3;441.91;590.25;427.64
6FB;536.19;433.76;859.56
SH0O;163.16;554.85;162.78
11MQ;238.38;797.86;528.47
OM9J;870.86;130.18;290.28
LX;146.54;890.12;849.7
T4LF;720.56;370.96;452.12
ZVZ3;731.92;195.29;362.0
7FC;358.9;234.61;69.42
W0BTQ;230.48;146.32;775.18
W6;17.03;234.05;522.25
2A2;537.1;377.47;842.86
WV;279.4;19.51;644.37
33YL;539.47;29.02;508.72
SX;453.47;487.3;633.96
USBR;780.3;961.18;617.16
8P;517.23;483.22;383.73
GO9;517.04;678.31;576.3
LVEIL;98.44;308.54;36.98
U82J;8.22;348.09;699.36
ICUT;551.83;262.08;437.15
1M;435.78;927.04;731.73
OQA34;671.04;165.19;690.46
M3;760.08;557.36;262.94
7OH;265.95;588.12;10.64
0SICU;113.64;981.79;434.06
9BS5;854.26;32.8;26.29
42;187.08;331.25;773.56
L3;579.62;509.8;812.43
4W2;836.51;244.07;807.85
RT8;805.15;341.97;919.38
1MF;69.16;796.11;417.26
9558X;621.2;396.53;744.7
HQ1B9;749.22;43.94;235.4
HU894;618.29;871.46;569.39
TE7W;343.89;302.26;174.05
52;839.35;450.01;148.9
B7;782.07;583.15;788.0
5EHHQ;351.11;849.95;937.96
7NT;702.45;143.17;924.15
CU;506.99;963.96;442.71
6C2Q;96.91;950.58;509.63
EBOX5;703.22;387.17;920.83
3FV72;188.16;495.27;629.42
VG8VX;122.2;980.54;210.79
GTHG;331.31;869.15;152.44
HMP5;359.1;940.06;47.59
YZ2DH;718.1;838.02;686.17
3HG7;468.9;265.67;815.22
64JR;137.47;531.06;989.97
5H;578.44;929.56;96.61
U1RQ;493.56;667.04;438.86
C8W9;961.8;804.12;641.86
HJML;757.47;219.05;681.08
G0;390.73;764.74;939.63
A0;773.78;184.43;180.26
YL2;669.45;292.15;959.24
4N;289.09;357.55;313.67
H84;866.56;470.68;162.46
625OB;297.25;979.14;581.61
9VOTY;535.12;352.33;155.18
CNY;583.64;999.7;920.91
UJ;564.42;38.44;173.52
K25L;417.71;763.35;423.73
L9LBU;123.05;442.19;28.47
P8DOD;296.95;817.08;321.57
J6M;32.24;879.9;497.16
9KQ6O;549.12;942.49;572.41
YQK;571.21;556.52;464.91
3RV;448.15;297.83;237.93
G22B8;620.42;697.58;972.95
VX;865.86;248.43;960.74
9V9T4;39.18;414.7;157.3
L2O;356.31;75.47;42.93
KYRC;162.81;185.95;422.89
SXPG;897.96;662.51;591.45
Z93;195.97;445.08;979.62
OKCK;794.0;802.1;810.18
K745;61.82;112.42;400.68
EJ5;70.86;874.07;947.21
SZMW;115.71;34.97;776.75
JNOAE;31.25;251.64;385.18
BOKO6;361.89;852.58;835.88
QWN4;599.54;522.38;690.59
RVK;761.74;382.59;101.18
FVA;89.22;159.1;236.2
JP3DY;899.77;215.86;612.08
QMGL4;920.53;128.32;740.97
IN;593.2;839.37;917.13
NXLYY;877.58;923.56;793.7
SIHK;471.48;127.46;216.49
58;452.4;638.3;833.77
TO;258.61;260.11;797.75
RDN0Q;121.79;627.46;978.69
FZXQ;9.31;478.99;825.61
MDP0;927.07;517.42;156.36
2A;607.49;168.19;549.34
4H;633.88;50.42;113.49
THXS;174.31;100.07;99.39
UXBQ;305.01;441.95;392.82
KJ8;361.99;650.15;104.06
I2Z;999.59;567.25;88.92
6X3;714.23;968.6;30.3
57;418.96;725.04;848.72
RZASD;675.45;588.48;541.42
9PF;432.13;538.23;515.7
H1N8;102.71;398.03;307.81
0E;912.62;402.9;633.36
S0I;31.54;916.11;94.18
O8;488.83;423.43;306.67
3GOJL;876.53;889.43;893.98
C4H5Q;965.89;794.08;624.74
3I0;771.51;734.29;190.29
L4M0B;299.86;392.43;764.03
03KYR;464.97;499.93;599.3
IBMM;866.85;948.44;288.65
5L5L;507.39;120.49;847.31
Q04E5;999.44;612.74;877.42
2ONA;948.54;990.61;920.0
R4;882.32;930.78;306.22
W1;64.69;708.03;786.49
1X;636.93;348.36;420.45
95AHV;158.45;164.03;465.01
2JNDC;929.15;540.2;435.02
CG;421.44;651.83;129.94
QYG;395.85;346.18;640.9
01IXF;961.77;483.74;261.04
0YUY5;641.61;492.78;579.92
6T;158.94;331.07;567.09
40LV;546.42;869.2;819.04
24SVC;401.02;702.98;168.11
GP8V;10.41;904.4;173.57
CK;978.29;10.52;602.58
HVC1O;188.13;812.71;342.48
RE8;63.06;61.27;618.54
L9;145.37;740.38;177.07
UV;35.77;129.75;998.83
8WW;236.8;840.04;110.24
JH;215.83;74.23;392.95
Y6;913.25;954.53;656.53
LKD;507.35;870.86;434.27
7YX;960.2;908.27;504.18
ZVF;33.41;539.39;585.21
RF7T;166.15;837.42;968.91
GZ;199.84;525.34;580.0
WG3S;791.9;701.13;799.47
1DGS;76.2;48.53;447.06
U3JKN;483.99;906.65;368.66
UR4XL;370.56;830.67;958.62
BEN;332.94;215.77;478.06
1UI;742.5;178.64;712.54
ND;779.53;794.34;811.95
QP7Y;812.28;246.18;772.57
HX;77.32;171.17;28.78
TSZ;326.26;299.14;170.57
VFUX;568.15;153.7;649.19
PN;477.95;233.28;470.57
NGUL7;939.96;343.76;465.86
GIW;285.06;593.18;930.34
AK;959.78;26.28;136.69
DVIS5;300.18;238.51;441.65
FLE;782.21;489.62;445.79
170;400.18;981.69;529.54
0UHI;94.98;103.0;982.22
LJS04;349.09;332.29;33.23
BBN;150.88;674.06;305.6
B8M;350.48;650.96;81.24
L40Q;513.21;507.6;530.11
KD;205.56;955.88;884.44
EP5;471.92;417.12;172.12
0LKR3;186.47;146.05;801.7
TU1;258.99;892.01;803.18
4D;580.8;521.23;196.78
B4;637.33;85.01;77.05
H9;277.48;548.11;153.65
UHZT6;884.66;91.67;169.4
8BH;216.46;307.74;531.61
IKF;691.36;932.39;334.61
M7Y7F;787.01;583.0;589.78
PE;137.88;261.52;467.6
HQG;926.84;912.58;899.25
KB;583.29;292.04;422.85
ATSME;395.82;990.44;958.59
RE;93.91;548.88;301.12
QUAL3;920.15;606.6;64.02
9JW;62.26;613.79;70.23
E5;618.4;769.64;296.58
PXM;622.87;185.68;762.23
3E;474.21;358.2;228.37
4MN9;17.12;977.67;795.49
ZMU8K;222.6;953.44;849.87
X0;146.56;191.51;316.69
FNW;876.54;847.75;457.61
MAE5;327.49;100.81;497.83
FH;372.62;775.26;987.04
G8OGM;555.8;553.9;602.19
UEIN;11.29;309.01;770.38
0VZ9;16.02;378.66;353.94
63;206.19;334.28;659.36
CA;587.81;914.65;446.04
6ZP;852.32;176.69;29.62
BD4;739.61;544.69;125.88
7G;205.67;263.96;479.25
459J;799.15;656.84;475.04
8OL27;892.77;460.95;817.58
VN;558.18;272.24;476.92
BAXC1;381.65;583.48;106.11
PQH;698.89;867.46;721.57
CQK;605.34;575.36;406.3
KX6;481.42;779.74;194.43
YQ;522.93;789.27;918.76
JYQCH;491.53;687.58;782.2
17JN;17.5;213.65;568.76
M2J;380.0;854.25;313.75
5Z;917.71;56.19;801.86
A32PB;700.31;155.61;338.58
J6QBK;719.52;741.11;771.25
L5IH0;414.73;319.07;439.22
26VC5;66.67;366.02;617.9
EA50W;839.41;238.37;351.72
V1F5P;35.14;222.44;395.21
3D;984.63;368.71;765.33
KA7EJ;279.77;770.41;743.21
DW8;581.51;807.49;832.07
DV3;72.11;32.89;619.9
QYS;96.76;966.83;207.74
XH;244.79;557.56;852.13
IMG;134.32;12.61;48.55
921G;752.22;133.85;320.61
JKYNZ;900.02;913.69;428.79
R0;165.45;13.55;952.94
QN5W;482.94;845.58;694.07
PJ;343.22;303.38;369.15
W5S;267.47;541.76;202.97
BYXZ;583.73;889.21;479.08
SY1K;669.05;832.92;102.87
J5M2;648.25;733.1;969.92
BG0;14.76;215.62;595.12
H52;910.99;864.77;300.56
APU7;625.28;373.51;510.46
LXA;383.63;588.96;554.86
8R;810.84;631.27;662.08
5GM;498.89;79.15;922.5
HOJCC;434.8;149.49;109.1
YW3W;9.49;30.6;209.4
SCW4Y;534.79;31.18;177.01
0R;851.05;371.5;608.55
RBZ;566.48;928.66;351.23
QTJ;186.95;190.1;574.15
FY;942.13;811.9;48.27
MJEF;766.18;756.72;725.1
173;182.43;859.04;833.65
GC;576.4;273.26;138.48
7AS5F;276.07;119.11;878.67
GVD;82.9;132.92;403.82
28Q;577.2;333.21;420.53
45I20;691.27;893.23;415.4
2R5R;398.31;571.14;384.22
Y2FE;590.47;513.22;860.56
91;675.73;233.28;372.69
8V;895.95;368.84;148.08
NV;438.68;116.27;917.74
BD7K;835.15;231.11;191.18
MX7;791.76;68.74;172.22
I13;204.0;792.52;702.71
P0;258.67;313.26;875.42
I0;117.06;673.71;906.98
68I;543.97;891.2;938.91
PW2D;937.77;267.43;665.3
56YOJ;436.53;662.95;518.66
EAB;771.35;981.39;233.34
LU3RQ;644.05;55.38;839.62
CRN;703.62;10.36;729.78
5B;280.26;660.05;530.07
JS1;809.7;353.17;690.52
A9N;749.28;66.59;124.7
41TH;19.64;287.36;941.8
VG8H;88.88;456.42;463.21
MR;265.74;508.27;928.62
0JO;312.49;198.47;360.13
270IZ;173.67;527.07;314.65
LP9;952.24;319.29;241.1
G7;661.36;106.86;302.74
7F;699.27;356.27;180.82
SWU;513.32;939.83;599.31
33BI;234.42;364.36;234.7
DZJUP;592.81;293.92;978.29
2MOW;315.19;637.63;227.0
BYX;48.22;17.95;380.35
Y8UA;771.28;973.69;911.57
DBJH1;274.26;591.89;519.61
QE;864.33;813.22;369.31
RA4;856.54;70.83;850.04
XENN;598.33;182.25;503.02
9FC7;856.95;231.22;723.43
G88;180.59;988.33;836.32
OU;593.57;933.63;992.83
SLH3;158.43;979.08;645.12
I1;770.47;479.55;824.55
YV;437.54;73.26;561.11
XM;360.48;631.51;975.17
07KK1;794.97;613.14;359.04
C9P5;985.41;872.09;483.22
IB;47.69;71.4;418.0
U3;745.57;86.48;556.46
Z35;459.95;710.42;902.38
COO;951.32;515.61;982.91
IQM5;860.18;627.0;241.81
RAH5;567.85;227.78;598.95
0XCGO;477.35;29.29;765.02
W3;149.7;465.7;406.5
BWQUJ;297.69;443.48;4.97
VR;821.23;886.61;78.13
82XT0;753.28;232.97;855.35
LW;755.78;77.96;5.78
7KXE;318.64;380.45;165.21
A54D;352.64;257.16;418.24
3SKY;10.16;776.81;976.38
RX;407.88;364.07;469.42
8HAM;124.69;312.34;220.13
3R25;679.98;933.23;342.96
U38;560.16;598.55;500.18
FQ;419.19;201.57;78.64
3PC49;283.23;860.88;132.19
4AAU9;190.14;376.83;189.57
WWPE;881.16;714.22;296.66
MRWT2;468.53;171.69;195.22
F1HV;746.75;422.19;519.73
W9;864.29;302.3;19.05
J0EKP;229.82;398.7;983.49
VG;199.17;351.14;264.97
IDMX;281.79;409.45;331.66
HXJ1C;39.1;512.92;880.71
HRD9;329.73;187.2;601.15
HMZG7;39.31;318.33;413.21
3UQE2;924.28;229.46;969.51
J8;590.52;141.8;162.24
ZVG9;325.09;919.4;365.62
YJ;255.92;809.47;522.72
ISY8;176.15;954.57;255.21
C2;779.97;831.66;213.01
Z7CN;728.82;168.54;704.49
RBB;546.35;477.76;753.86
ZEMMT;578.68;831.51;224.94
2S;867.92;661.62;934.5
TUHEQ;876.82;199.71;317.32
0X7I;231.03;545.52;442.52
E9U6G;930.21;968.2;190.97
5O0H1;455.93;786.54;330.56
S6;614.69;789.62;47.34
8YFV;650.0;654.51;307.71
EMHQF;485.56;215.69;170.45
O2W;553.27;4.87;49.08
474K;4.48;81.89;553.86
FANJ;63.34;160.57;760.82
2OVL;355.61;94.86;441.45
WW1;770.36;198.12;724.64
BQ;858.57;581.15;201.65
8GE;263.36;110.24;716.1
5MUL;475.92;445.36;314.94
CPO1;250.84;34.48;643.67
NR;974.71;174.66;194.34
BWF9G;711.8;966.3;93.26
CL;258.68;217.56;715.29
61Y;419.67;707.24;691.52
S5B;900.09;393.26;530.73
JPI2Q;558.79;501.43;566.55
D8U6W;587.06;37.03;183.29
O6PKO;907.85;801.25;585.63
2OFO;930.92;832.77;603.21
BPT5;30.61;908.89;920.09
22;861.95;653.78;937.89
OR;390.99;316.97;232.47
37I;709.06;27.56;59.06
HRN;539.29;703.85;995.61
3QFWO;609.17;477.96;755.89
1SIZ;825.01;855.66;47.79
CO8;565.76;708.19;824.29
JMQW;3.69;349.06;827.18
ZH537;279.96;515.2;140.51
QSRX;865.85;116.5;864.7
U7;486.35;904.54;359.31
6MH0;444.24;185.32;281.49
YRK;875.33;457.74;11.89
QKXU;765.29;693.82;903.73
Q1;773.66;374.05;471.12
8I0J4;116.99;616.44;100.23
T0QO;160.87;99.42;577.24
NK0XP;589.18;60.54;191.71
331;949.16;500.25;987.05
TWVF;8.0;750.02;294.13
KEV;534.05;647.76;554.91
PK1C;905.08;971.22;388.42
ROQL;970.25;82.51;441.67
R3JX;706.38;407.39;505.14
OVH;364.05;900.51;644.04
QD;14.22;323.64;348.89
H3K;281.74;958.54;50.63
G3;852.69;26.55;990.97
HKV;401.45;136.0;805.28
8QY;238.69;28.92;881.47
D1ECW;892.54;42.99;413.29
EGIJ7;988.42;717.87;773.21
Z2BEV;952.82;738.8;616.99
0N;506.03;339.02;700.86
39X;679.02;31.19;611.15
MB;445.73;898.53;668.46
5M6KH;752.64;283.66;807.55
TT;300.12;309.54;622.25
9VT;29.49;576.38;64.33
7O;750.09;804.66;308.6
4X;369.35;709.22;589.54
MG4L;470.65;929.12;732.2
XAKWK;155.9;40.24;25.37
Y3;749.77;666.06;693.38
87OR;617.34;488.54;518.12
3547;611.01;136.81;836.57
V2OY;463.61;98.78;619.27
1BZML;757.55;42.55;869.96
ZV;456.31;125.32;38.88
93OM;824.52;103.04;453.74
P92SN;615.81;644.29;147.44
YC;797.02;905.81;939.2
Q838U;233.17;968.85;125.52
4A1;654.17;427.13;286.03
73C6H;718.21;970.06;366.13
BR4O;328.71;150.28;744.75
SHMA1;821.75;935.28;108.98
9LJ;277.09;174.68;21.98
FJ;479.17;744.65;275.17
WV2;953.9;641.31;658.62
Z6R;59.84;433.35;673.96
KT1;182.64;977.21;678.16
AV;995.87;709.86;684.62
03Y3;556.92;39.4;810.14
PSNYB;509.67;5.44;726.88
Y56M1;613.04;839.46;210.03
90L;810.46;304.8;565.14
WDI3E;772.32;164.27;574.23
B4V;211.68;256.04;812.08
ZK;266.46;713.56;250.65
7D;983.06;474.48;158.12
6FNX;491.57;18.63;640.78
MDMT;122.03;269.13;88.32
EKW;818.96;347.98;359.29
Y0O;991.47;446.65;168.36
ORQ;357.04;916.44;997.12
QCLT;814.15;71.67;585.68
LH0UM;94.62;941.55;760.76
5BDIC;997.13;600.55;759.91
4U5NY;456.24;440.83;857.4
RET;803.31;308.5;683.98
I8;63.95;478.49;603.6
AY;924.62;209.21;120.55
919BA;808.53;451.01;653.32
YFWAV;452.41;424.62;942.98
O7K;848.91;118.72;739.97
UI302;216.43;415.83;286.07
8N7KJ;285.39;255.21;79.58
TGW4;283.16;961.19;362.77
0ZTL;136.96;72.43;588.32
NNU19;192.46;216.98;761.82
MWW;579.87;881.77;36.12
ZU;75.89;455.9;585.46
3KK5G;176.82;25.25;593.47
7M;261.75;109.03;235.09
H0;119.82;567.97;642.97
G7V7;583.62;764.27;30.69
4U1;798.76;405.02;175.04
9997F;974.25;777.86;111.3
BR;405.41;385.02;150.19
10S;505.49;446.55;762.89
ZMI4U;931.53;268.72;469.13
ORAV;390.05;9.12;862.7
3RM0;605.42;967.49;886.47
3Z4E;356.84;488.79;579.67
VCC3;337.92;91.19;911.82
194T;665.05;121.81;484.59
E8DR;972.59;636.95;423.34
HQ;77.21;835.96;974.23
JM;40.12;357.39;414.68
1MZHZ;725.46;451.47;533.68
KPZ;645.42;217.72;576.73
LUJTJ;646.61;746.23;281.0
RQ;538.93;770.89;786.75
QF;40.56;846.76;168.34
A7YEU;371.27;362.06;754.03
1I1I2;649.58;590.01;825.66
AZS7X;781.75;143.02;501.12
XLH9K;334.49;42.75;136.03
E9W6;419.35;42.46;666.24
U6L6S;873.43;809.6;861.11
L7S;737.89;495.83;99.08
Q2;55.15;676.82;237.36
4C5M;81.28;710.63;259.76
FV6;894.82;952.85;43.03
KH;543.6;894.2;704.63
OTG;952.75;412.02;185.15
YZI;697.58;959.6;495.49
1ZZV;173.03;128.34;515.55
Z9TJ;74.51;204.67;824.85
S4U;10.12;392.58;383.83
YF2;93.28;557.52;24.24
WMXXQ;710.33;905.34;47.22
XPX;132.05;306.86;484.04
53CF;720.67;520.48;983.46
5C;871.73;426.81;821.59
AS;49.35;275.46;133.03
A5C;151.9;733.4;80.61
15WKW;249.57;568.85;408.27
M2V5;647.19;186.66;817.02
XI2;517.54;682.71;416.52
T9GF;125.25;708.65;625.38
JRK;706.44;300.03;631.06
8D4;175.39;428.39;867.73
2F;977.15;341.66;52.77
IZD6;424.64;755.05;506.38
6DQFJ;127.6;71.63;106.76
Q3EE;104.36;745.27;716.62
OJZ3E;467.12;404.55;791.18
MRU5;968.72;593.78;449.43
HCB;759.8;202.96;18.78
3FHI;262.89;775.32;27.98
8EQJZ;885.54;141.71;852.83
1N;599.64;861.57;557.13
YL957;675.73;726.64;497.27
JYMMX;761.99;470.23;334.28
4CSX0;669.13;737.22;961.44
J3V;814.33;492.2;327.26
8TT;433.72;258.2;13.55
5Q;882.96;866.59;138.82
5TX1;738.93;509.94;610.17
9MSP;299.03;443.12;955.84
M6HNU;276.91;804.49;128.18
1B;483.73;740.83;240.43
BQ976;489.69;249.15;237.88
7IZMO;459.17;44.55;357.46
STX;635.43;347.73;79.29
OUZF;741.51;852.33;55.94
5I7;106.37;552.16;408.06
ZEU;971.71;301.82;327.21
5FG;571.02;257.61;892.24
3QNG6;219.92;445.73;531.85
ME;66.87;595.99;241.38
U0;413.38;495.43;407.68
2JZM;160.31;65.48;883.17
MAH4;414.41;799.76;817.37
KF;97.77;799.23;668.39
9BUG;118.43;0.96;20.5
LKGB4;561.59;48.33;674.06
ET;463.78;441.48;4.26
CAIMX;902.17;613.6;683.81
3GL7E;60.3;503.52;926.72
7R;595.66;745.21;107.02
RS;717.38;289.12;188.5
MDZ3Q;991.79;552.95;241.16
GZF;667.27;40.9;965.59
9OY;408.74;888.03;248.31
3AL6;288.8;962.28;370.53
53;569.52;983.47;683.49
POS;111.72;619.51;747.12
4DDF;760.89;165.77;142.26
WKQ;914.69;386.91;121.63
6H;430.77;754.73;528.46
HLAX;756.54;350.57;660.01
69;892.71;91.06;862.06
FZUV;986.05;363.66;144.05
566;919.53;668.15;766.53
WE0U;437.45;172.05;228.99
64;147.29;47.24;265.76
R26;504.91;759.05;558.63
6ID8P;213.56;295.27;375.26
AX4;396.48;926.33;475.57
0L;696.79;47.19;512.55
KZ;561.37;158.45;767.03
J84;419.1;374.8;166.91
TS4R;809.67;661.97;837.81
M1XR5;136.47;984.67;285.55
A84A;893.12;469.45;738.97
R6I7L;336.19;686.22;583.74
HZ;615.19;464.98;165.81
DV46;51.28;402.74;668.77
L63Q;393.53;189.02;255.75
QDV4G;583.43;866.69;408.0
RTKPW;347.7;9.33;206.52
7I;941.64;932.8;709.14
WIF8M;392.67;14.86;138.84
QNK32;681.53;610.08;939.09
VYH;992.26;313.92;352.88
DH;664.43;966.52;806.82
YY;420.07;903.75;114.93
QKTS;307.8;837.31;879.68
0ZS;416.98;388.01;611.88
2D;238.95;738.91;31.75
TYF;292.35;315.7;352.25
TT7;909.14;809.93;668.25
XZ;254.44;744.01;219.67
0RO;548.25;389.89;462.36
08I85;179.32;904.8;712.21
68Q69;966.41;596.07;435.82
3Y;496.36;37.46;941.08
W4B2M;524.61;528.41;69.9
86TZ9;430.63;201.23;542.83
HP;644.79;480.92;582.04
PS4JJ;27.17;695.84;346.19
YO;528.13;410.09;678.01
JXJ;322.6;89.41;521.51
RCOYT;919.17;136.08;82.17
A93;955.72;426.12;592.99
IQ;885.21;863.23;199.22
K0;449.75;615.76;528.79
U6;414.96;214.29;466.43
NM1C;759.15;46.44;105.07
KNLVC;871.96;810.14;761.79
O6EOT;708.57;642.78;667.56
3PK;724.17;795.82;448.36
85U;831.54;644.74;166.02
FN2Q;292.15;12.33;545.22
XQX5D;291.69;513.56;791.44
70;557.0;147.99;918.99
KE;395.69;294.34;806.64
KC3;869.86;373.8;733.8
S3Y;779.77;748.54;391.58
NND3;155.99;386.93;944.89
9XFK;976.37;928.04;650.3
49ONL;993.71;286.72;400.9
ZYEYG;877.1;833.0;827.89
O9J;402.73;960.58;643.55
LV;220.57;38.44;779.81
G32IU;745.97;666.16;84.47
Y7B;544.18;569.07;461.82
CBK;538.65;430.82;408.78
RK52;325.36;375.64;778.85
TR;475.67;550.15;105.94
G8;98.46;709.4;927.55
8QHC5;46.33;926.03;328.47
MJ13;841.33;773.91;61.31
W3B15;927.42;127.84;809.51
NCUC;434.55;169.76;137.8
JB;158.15;799.45;55.0
O66UQ;726.17;312.14;390.48
NLPK8;983.84;872.79;177.49
TC82;424.54;536.15;178.18
H5MH3;814.07;450.51;341.37
SBMS;339.82;476.11;682.7
EK;668.58;904.08;108.44
WH;236.84;468.68;919.64
71LTH;649.79;517.19;680.04
EUG;289.36;900.7;142.89
U1K;962.19;740.93;80.0
BOQQC;159.47;937.52;775.35
L6;334.4;871.14;954.94
F2;872.22;450.06;447.17
YH9;610.45;634.11;123.02
M6DUX;62.98;966.98;456.4
S1WNL;944.63;21.62;226.74
6A;835.14;778.52;455.06
3G16U;891.24;845.04;842.91
Q6A;85.09;122.02;247.79
IAHN;439.81;149.91;706.41
GP;506.08;754.54;877.63
9X09;245.74;534.09;506.88
4A;168.75;900.68;679.71
NHHQU;914.53;522.16;926.23
WGL0;208.25;808.07;885.87
CV;326.52;889.61;339.77
5BW;540.7;39.89;941.49
H29;849.9;739.56;555.91
2H5QC;100.3;340.83;43.96
NOU1T;248.08;795.14;303.39
S5ZRD;454.49;30.65;565.3
AGRF;711.7;928.68;114.49
OKTT;280.69;637.4;910.86
EELE6;815.69;891.35;610.75
Q04IW;855.96;740.08;735.09
U0WV;377.74;16.2;664.04
7BFFU;316.89;84.15;321.85
Y4HJ9;42.56;157.24;794.25
372PT;958.7;49.35;507.81
WN;547.43;544.51;400.84
AGC;39.99;769.22;929.23
LXQ;994.08;132.67;959.11
PT7W;508.38;509.67;136.14
